2026-03-26 06:34:09 | WARNING  | app.services.stock_service:get_kline_data:276 - pytdx未获取到K线数据 000001
2026-03-26 06:34:09 | WARNING  | app.services.stock_service:get_kline_data:276 - pytdx未获取到K线数据 000001
2026-03-26 06:34:14 | INFO     | app.services.stock_service:get_market_overview:398 - 从pytdx获取市场概览成功
2026-03-26 06:34:45 | INFO     | app.services.stock_service:get_market_overview:398 - 从pytdx获取市场概览成功
2026-03-26 06:35:15 | INFO     | app.services.stock_service:get_market_overview:398 - 从pytdx获取市场概览成功
2026-03-26 06:35:45 | INFO     | app.services.stock_service:get_market_overview:398 - 从pytdx获取市场概览成功
2026-03-26 06:36:15 | INFO     | app.services.stock_service:get_market_overview:398 - 从pytdx获取市场概览成功
2026-03-26 06:37:07 | INFO     | app.services.stock_service:get_market_overview:398 - 从pytdx获取市场概览成功
2026-03-26 06:37:54 | INFO     | app.main:lifespan:19 - 启动 镇金仓
2026-03-26 06:37:54 | INFO     | app.main:lifespan:21 - 数据库初始化完成
2026-03-26 06:38:14 | INFO     | app.services.stock_service:_get_api:112 - pytdx连接成功: 180.153.18.170:7709
2026-03-26 06:38:14 | INFO     | app.services.stock_service:_load_stock_names:77 - 已缓存 1491 个股票名称
2026-03-26 06:38:14 | INFO     | app.services.stock_service:get_market_overview:430 - 从pytdx获取市场概览成功
2026-03-26 06:38:14 | INFO     | app.services.stock_service:get_kline_data:324 - 从pytdx获取K线数据成功: 000001, 60条
2026-03-26 06:38:14 | INFO     | app.services.stock_service:get_market_overview:430 - 从pytdx获取市场概览成功
2026-03-26 06:38:58 | INFO     | app.services.stock_service:get_kline_data:324 - 从pytdx获取K线数据成功: 000001, 5条
2026-03-26 06:39:07 | INFO     | app.services.stock_service:get_market_overview:430 - 从pytdx获取市场概览成功
2026-03-26 06:39:09 | INFO     | app.services.stock_service:get_intraday_data:496 - 从pytdx获取分时数据成功: 000001, 240条
2026-03-26 06:39:09 | INFO     | app.services.stock_service:get_market_overview:430 - 从pytdx获取市场概览成功
2026-03-26 06:39:27 | INFO     | app.services.stock_service:get_stock_list:201 - 从pytdx获取股票列表成功: 5196条
2026-03-26 06:39:27 | INFO     | app.services.screening_engine:screen_stocks:53 - 获取到 5196 只股票
2026-03-26 06:39:27 | INFO     | app.services.screening_engine:screen_stocks:59 - 应用排除规则 exclude_st, 剩余 5017 只
2026-03-26 06:39:27 | INFO     | app.services.screening_engine:screen_stocks:59 - 应用排除规则 market_cap, 剩余 5017 只
2026-03-26 06:39:27 | INFO     | app.services.stock_service:get_market_overview:430 - 从pytdx获取市场概览成功
2026-03-26 06:39:27 | INFO     | app.services.stock_service:get_intraday_data:496 - 从pytdx获取分时数据成功: 000001, 240条
2026-03-26 07:14:47 | INFO     | app.services.stock_service:get_market_overview:430 - 从pytdx获取市场概览成功
2026-03-26 08:04:00 | INFO     | app.services.stock_service:get_market_overview:430 - 从pytdx获取市场概览成功
2026-03-26 08:31:30 | INFO     | app.services.stock_service:get_market_overview:430 - 从pytdx获取市场概览成功
2026-03-26 08:32:00 | INFO     | app.services.stock_service:get_market_overview:430 - 从pytdx获取市场概览成功
2026-03-26 08:32:30 | INFO     | app.services.stock_service:get_market_overview:430 - 从pytdx获取市场概览成功
2026-03-26 08:33:00 | INFO     | app.services.stock_service:get_market_overview:430 - 从pytdx获取市场概览成功
2026-03-26 08:33:41 | INFO     | app.services.stock_service:get_market_overview:430 - 从pytdx获取市场概览成功
2026-03-26 08:34:41 | INFO     | app.services.stock_service:get_market_overview:430 - 从pytdx获取市场概览成功
2026-03-26 08:35:41 | INFO     | app.services.stock_service:get_market_overview:430 - 从pytdx获取市场概览成功
2026-03-26 08:36:41 | INFO     | app.services.stock_service:get_market_overview:430 - 从pytdx获取市场概览成功
2026-03-26 08:37:41 | INFO     | app.services.stock_service:get_market_overview:430 - 从pytdx获取市场概览成功
2026-03-26 08:38:41 | INFO     | app.services.stock_service:get_market_overview:430 - 从pytdx获取市场概览成功
2026-03-26 08:39:41 | INFO     | app.services.stock_service:get_market_overview:430 - 从pytdx获取市场概览成功
2026-03-26 08:40:28 | INFO     | app.services.stock_service:get_market_overview:430 - 从pytdx获取市场概览成功
2026-03-26 08:40:29 | INFO     | app.services.stock_service:get_market_overview:430 - 从pytdx获取市场概览成功
2026-03-26 08:40:43 | WARNING  | app.services.stock_service:get_kline_data:302 - pytdx未获取到K线数据 000001，尝试重连...
2026-03-26 08:40:43 | INFO     | app.services.stock_service:_reconnect:128 - 尝试重新连接pytdx...
2026-03-26 08:40:43 | ERROR    | app.services.stock_service:_get_api:122 - pytdx无法连接任何服务器
2026-03-26 08:40:43 | WARNING  | app.services.stock_service:get_kline_data:308 - pytdx未获取到K线数据 000001
2026-03-26 08:40:43 | ERROR    | app.services.stock_service:_get_api:122 - pytdx无法连接任何服务器
2026-03-26 08:40:48 | WARNING  | app.services.stock_service:get_realtime_quote:234 - pytdx未获取到实时行情 000001，尝试重连...
2026-03-26 08:40:48 | INFO     | app.services.stock_service:_reconnect:128 - 尝试重新连接pytdx...
2026-03-26 08:40:48 | ERROR    | app.services.stock_service:_get_api:122 - pytdx无法连接任何服务器
2026-03-26 08:40:48 | ERROR    | app.services.stock_service:_get_api:122 - pytdx无法连接任何服务器
2026-03-26 08:40:53 | WARNING  | app.services.stock_service:get_kline_data:302 - pytdx未获取到K线数据 000001，尝试重连...
2026-03-26 08:40:53 | INFO     | app.services.stock_service:_reconnect:128 - 尝试重新连接pytdx...
2026-03-26 08:40:53 | ERROR    | app.services.stock_service:_get_api:122 - pytdx无法连接任何服务器
2026-03-26 08:40:53 | WARNING  | app.services.stock_service:get_kline_data:308 - pytdx未获取到K线数据 000001
2026-03-26 08:40:53 | ERROR    | app.services.stock_service:_get_api:122 - pytdx无法连接任何服务器
2026-03-26 08:40:58 | WARNING  | app.services.stock_service:get_realtime_quote:234 - pytdx未获取到实时行情 000001，尝试重连...
2026-03-26 08:40:58 | INFO     | app.services.stock_service:_reconnect:128 - 尝试重新连接pytdx...
2026-03-26 08:40:58 | ERROR    | app.services.stock_service:_get_api:122 - pytdx无法连接任何服务器
2026-03-26 08:40:58 | ERROR    | app.services.stock_service:_get_api:122 - pytdx无法连接任何服务器
2026-03-26 08:42:13 | INFO     | app.services.stock_service:get_market_overview:430 - 从pytdx获取市场概览成功
2026-03-26 08:42:13 | ERROR    | app.services.stock_service:_get_api:122 - pytdx无法连接任何服务器
2026-03-26 08:42:18 | ERROR    | app.services.stock_service:get_stock_list:205 - 从pytdx获取股票列表失败: 'NoneType' object cannot be interpreted as an integer
2026-03-26 08:42:18 | INFO     | app.services.screening_engine:screen_stocks:53 - 获取到 10 只股票
2026-03-26 08:42:18 | INFO     | app.services.screening_engine:screen_stocks:59 - 应用排除规则 exclude_st, 剩余 10 只
2026-03-26 08:42:18 | INFO     | app.services.screening_engine:screen_stocks:59 - 应用排除规则 market_cap, 剩余 0 只
2026-03-26 08:42:18 | ERROR    | app.services.stock_service:_get_api:122 - pytdx无法连接任何服务器
2026-03-26 08:42:23 | WARNING  | app.services.stock_service:get_realtime_quote:234 - pytdx未获取到实时行情 000001，尝试重连...
2026-03-26 08:42:23 | INFO     | app.services.stock_service:_reconnect:128 - 尝试重新连接pytdx...
2026-03-26 08:42:23 | ERROR    | app.services.stock_service:_get_api:122 - pytdx无法连接任何服务器
2026-03-26 08:42:23 | ERROR    | app.services.stock_service:_get_api:122 - pytdx无法连接任何服务器
2026-03-26 08:43:38 | INFO     | app.services.stock_service:get_market_overview:430 - 从pytdx获取市场概览成功
2026-03-26 08:43:53 | INFO     | app.services.stock_service:_get_api:112 - pytdx连接成功: 180.153.18.170:7709
2026-03-26 08:43:54 | INFO     | app.services.stock_service:_load_stock_names:77 - 已缓存 1491 个股票名称
2026-03-26 08:43:54 | INFO     | app.services.stock_service:get_intraday_data:496 - 从pytdx获取分时数据成功: 000001, 240条
2026-03-26 08:43:54 | INFO     | app.services.stock_service:get_market_overview:430 - 从pytdx获取市场概览成功
2026-03-26 08:43:54 | INFO     | app.services.stock_service:get_kline_data:324 - 从pytdx获取K线数据成功: 000001, 60条
2026-03-26 08:43:54 | INFO     | app.services.stock_service:get_kline_data:324 - 从pytdx获取K线数据成功: 000001, 60条
2026-03-26 08:43:55 | INFO     | app.services.stock_service:get_market_overview:430 - 从pytdx获取市场概览成功
2026-03-26 08:43:55 | INFO     | app.services.stock_service:get_intraday_data:496 - 从pytdx获取分时数据成功: 000001, 240条
2026-03-26 08:43:55 | INFO     | app.services.stock_service:get_market_overview:430 - 从pytdx获取市场概览成功
2026-03-26 08:43:56 | INFO     | app.services.stock_service:get_market_overview:430 - 从pytdx获取市场概览成功
2026-03-26 08:43:56 | INFO     | app.services.stock_service:get_market_overview:430 - 从pytdx获取市场概览成功
2026-03-26 08:44:13 | INFO     | app.services.stock_service:get_stock_list:201 - 从pytdx获取股票列表成功: 5196条
2026-03-26 08:44:13 | INFO     | app.services.screening_engine:screen_stocks:53 - 获取到 5196 只股票
2026-03-26 08:44:13 | INFO     | app.services.screening_engine:screen_stocks:59 - 应用排除规则 exclude_st, 剩余 5017 只
2026-03-26 08:44:13 | INFO     | app.services.screening_engine:screen_stocks:59 - 应用排除规则 market_cap, 剩余 5017 只
2026-03-26 08:44:15 | INFO     | app.services.stock_service:get_market_overview:430 - 从pytdx获取市场概览成功
2026-03-26 08:44:15 | INFO     | app.services.stock_service:get_intraday_data:496 - 从pytdx获取分时数据成功: 000001, 240条
2026-03-26 08:44:19 | INFO     | app.services.stock_service:get_kline_data:324 - 从pytdx获取K线数据成功: 000001, 60条
2026-03-26 08:44:21 | INFO     | app.services.stock_service:get_kline_data:324 - 从pytdx获取K线数据成功: 000001, 60条
2026-03-26 08:44:24 | INFO     | app.services.stock_service:get_intraday_data:496 - 从pytdx获取分时数据成功: 000001, 240条
2026-03-26 08:44:26 | INFO     | app.services.stock_service:get_kline_data:324 - 从pytdx获取K线数据成功: 000001, 60条
2026-03-26 08:44:26 | INFO     | app.services.stock_service:get_kline_data:324 - 从pytdx获取K线数据成功: 000002, 60条
2026-03-26 08:44:28 | INFO     | app.services.stock_service:get_kline_data:324 - 从pytdx获取K线数据成功: 000001, 60条
2026-03-26 08:44:41 | INFO     | app.services.stock_service:get_market_overview:430 - 从pytdx获取市场概览成功
2026-03-26 08:45:11 | INFO     | app.services.stock_service:get_market_overview:430 - 从pytdx获取市场概览成功
2026-03-26 08:45:41 | INFO     | app.services.stock_service:get_market_overview:430 - 从pytdx获取市场概览成功
2026-03-26 08:46:05 | WARNING  | app.services.stock_service:get_intraday_data:471 - pytdx未获取到分时数据 000001，尝试重连...
2026-03-26 08:46:05 | INFO     | app.services.stock_service:_reconnect:128 - 尝试重新连接pytdx...
2026-03-26 08:46:36 | INFO     | app.services.stock_service:_get_api:112 - pytdx连接成功: 218.75.126.9:7709
2026-03-26 08:46:36 | INFO     | app.services.stock_service:_load_stock_names:77 - 已缓存 1491 个股票名称
2026-03-26 08:46:36 | INFO     | app.services.stock_service:get_intraday_data:496 - 从pytdx获取分时数据成功: 000001, 240条
2026-03-26 08:46:37 | INFO     | app.services.stock_service:get_market_overview:430 - 从pytdx获取市场概览成功
2026-03-26 08:46:37 | INFO     | app.services.stock_service:get_kline_data:324 - 从pytdx获取K线数据成功: 000001, 3条
2026-03-26 08:46:41 | INFO     | app.services.stock_service:get_market_overview:430 - 从pytdx获取市场概览成功
2026-03-26 08:47:11 | INFO     | app.services.stock_service:get_market_overview:430 - 从pytdx获取市场概览成功
2026-03-26 08:47:41 | INFO     | app.services.stock_service:get_market_overview:430 - 从pytdx获取市场概览成功
2026-03-26 08:48:41 | INFO     | app.services.stock_service:get_market_overview:430 - 从pytdx获取市场概览成功
2026-03-26 08:49:30 | INFO     | app.services.stock_service:get_market_overview:430 - 从pytdx获取市场概览成功
2026-03-26 08:49:32 | INFO     | app.services.stock_service:get_stock_list:201 - 从pytdx获取股票列表成功: 5196条
2026-03-26 08:49:32 | INFO     | app.services.screening_engine:screen_stocks:53 - 获取到 5196 只股票
2026-03-26 08:49:32 | INFO     | app.services.screening_engine:screen_stocks:59 - 应用排除规则 exclude_st, 剩余 5017 只
2026-03-26 08:49:32 | INFO     | app.services.screening_engine:screen_stocks:59 - 应用排除规则 market_cap, 剩余 5017 只
2026-03-26 08:49:33 | INFO     | app.services.stock_service:get_market_overview:430 - 从pytdx获取市场概览成功
2026-03-26 08:49:33 | INFO     | app.services.stock_service:get_intraday_data:496 - 从pytdx获取分时数据成功: 000001, 240条
2026-03-26 08:49:41 | INFO     | app.services.stock_service:get_market_overview:430 - 从pytdx获取市场概览成功
2026-03-26 08:49:43 | INFO     | app.services.stock_service:get_stock_list:201 - 从pytdx获取股票列表成功: 5196条
2026-03-26 08:49:43 | INFO     | app.services.screening_engine:screen_stocks:53 - 获取到 5196 只股票
2026-03-26 08:49:43 | INFO     | app.services.screening_engine:screen_stocks:59 - 应用排除规则 exclude_st, 剩余 5017 只
2026-03-26 08:49:43 | INFO     | app.services.screening_engine:screen_stocks:59 - 应用排除规则 market_cap, 剩余 5017 只
2026-03-26 08:49:43 | INFO     | app.services.stock_service:get_intraday_data:496 - 从pytdx获取分时数据成功: 000001, 240条
2026-03-26 08:49:46 | INFO     | app.services.stock_service:get_kline_data:324 - 从pytdx获取K线数据成功: 000001, 3条
2026-03-26 08:49:46 | INFO     | app.services.stock_service:get_kline_data:324 - 从pytdx获取K线数据成功: 000001, 3条
2026-03-26 08:49:46 | INFO     | app.services.stock_service:get_intraday_data:496 - 从pytdx获取分时数据成功: 000001, 240条
2026-03-26 08:50:02 | INFO     | app.main:lifespan:26 - 应用关闭
2026-03-26 08:50:05 | INFO     | app.main:lifespan:19 - 启动 镇金仓
2026-03-26 08:50:05 | INFO     | app.main:lifespan:21 - 数据库初始化完成
2026-03-26 08:50:39 | INFO     | app.services.stock_service:_get_api:112 - pytdx连接成功: 218.75.126.9:7709
2026-03-26 08:50:40 | INFO     | app.services.stock_service:_load_stock_names:77 - 已缓存 1491 个股票名称
2026-03-26 08:50:40 | INFO     | app.services.stock_service:get_market_overview:430 - 从pytdx获取市场概览成功
2026-03-26 08:50:41 | INFO     | app.services.stock_service:get_market_overview:430 - 从pytdx获取市场概览成功
2026-03-26 08:51:11 | INFO     | app.services.stock_service:get_market_overview:430 - 从pytdx获取市场概览成功
2026-03-26 08:51:35 | INFO     | app.main:lifespan:26 - 应用关闭
2026-03-26 08:51:37 | INFO     | app.main:lifespan:19 - 启动 镇金仓
2026-03-26 08:51:37 | INFO     | app.main:lifespan:21 - 数据库初始化完成
2026-03-26 08:51:55 | INFO     | app.services.stock_service:_get_api:112 - pytdx连接成功: 180.153.18.170:7709
2026-03-26 08:51:56 | INFO     | app.services.stock_service:_load_stock_names:77 - 已缓存 1491 个股票名称
2026-03-26 08:51:56 | INFO     | app.services.stock_service:get_market_overview:437 - 从pytdx获取市场概览成功
2026-03-26 08:51:56 | INFO     | app.services.stock_service:get_kline_data:331 - 从pytdx获取K线数据成功: 000001, 60条
2026-03-26 08:51:56 | INFO     | app.services.stock_service:get_kline_data:331 - 从pytdx获取K线数据成功: 000001, 60条
2026-03-26 08:51:57 | INFO     | app.services.stock_service:get_kline_data:331 - 从pytdx获取K线数据成功: 000001, 3条
2026-03-26 08:51:57 | INFO     | app.services.stock_service:get_kline_data:331 - 从pytdx获取K线数据成功: 000001, 60条
2026-03-26 08:51:57 | INFO     | app.services.stock_service:get_intraday_data:503 - 从pytdx获取分时数据成功: 000001, 240条
2026-03-26 08:51:57 | INFO     | app.services.stock_service:get_market_overview:437 - 从pytdx获取市场概览成功
2026-03-26 08:52:11 | INFO     | app.services.stock_service:get_market_overview:437 - 从pytdx获取市场概览成功
2026-03-26 08:52:33 | INFO     | app.main:lifespan:26 - 应用关闭
2026-03-26 08:52:36 | INFO     | app.main:lifespan:19 - 启动 镇金仓
2026-03-26 08:52:36 | INFO     | app.main:lifespan:21 - 数据库初始化完成
2026-03-26 08:52:55 | INFO     | app.services.stock_service:_get_api:112 - pytdx连接成功: 180.153.18.170:7709
2026-03-26 08:52:56 | INFO     | app.services.stock_service:_load_stock_names:77 - 已缓存 1491 个股票名称
2026-03-26 08:52:56 | INFO     | app.services.stock_service:get_market_overview:439 - 从pytdx获取市场概览成功
2026-03-26 08:52:56 | INFO     | app.services.stock_service:get_kline_data:331 - 从pytdx获取K线数据成功: 000001, 5条
2026-03-26 08:52:56 | INFO     | app.services.stock_service:get_kline_data:331 - 从pytdx获取K线数据成功: 000001, 3条
2026-03-26 08:52:57 | INFO     | app.services.stock_service:get_intraday_data:505 - 从pytdx获取分时数据成功: 000001, 240条
2026-03-26 08:52:57 | INFO     | app.services.stock_service:get_market_overview:439 - 从pytdx获取市场概览成功
2026-03-26 08:53:40 | INFO     | app.services.stock_service:get_market_overview:439 - 从pytdx获取市场概览成功
2026-03-26 08:53:43 | INFO     | app.services.stock_service:get_market_overview:439 - 从pytdx获取市场概览成功
2026-03-26 08:53:46 | INFO     | app.services.stock_service:get_stock_list:201 - 从pytdx获取股票列表成功: 5196条
2026-03-26 08:53:46 | INFO     | app.services.screening_engine:screen_stocks:53 - 获取到 5196 只股票
2026-03-26 08:53:46 | INFO     | app.services.screening_engine:screen_stocks:59 - 应用排除规则 exclude_st, 剩余 5017 只
2026-03-26 08:53:46 | INFO     | app.services.screening_engine:screen_stocks:59 - 应用排除规则 market_cap, 剩余 5017 只
2026-03-26 08:53:46 | INFO     | app.services.stock_service:get_intraday_data:505 - 从pytdx获取分时数据成功: 000001, 240条
2026-03-26 08:53:49 | INFO     | app.services.stock_service:get_kline_data:331 - 从pytdx获取K线数据成功: 000001, 60条
2026-03-26 08:53:50 | INFO     | app.services.stock_service:get_kline_data:331 - 从pytdx获取K线数据成功: 000001, 60条
2026-03-26 08:53:52 | INFO     | app.services.stock_service:get_intraday_data:505 - 从pytdx获取分时数据成功: 000001, 240条
2026-03-26 08:54:13 | INFO     | app.services.stock_service:get_market_overview:439 - 从pytdx获取市场概览成功
2026-03-26 08:54:44 | INFO     | app.services.stock_service:get_market_overview:439 - 从pytdx获取市场概览成功
2026-03-26 08:54:50 | INFO     | app.services.stock_service:get_stock_list:201 - 从pytdx获取股票列表成功: 5196条
2026-03-26 08:54:50 | INFO     | app.services.screening_engine:screen_stocks:53 - 获取到 5196 只股票
2026-03-26 08:54:50 | INFO     | app.services.screening_engine:screen_stocks:59 - 应用排除规则 exclude_st, 剩余 5017 只
2026-03-26 08:54:50 | INFO     | app.services.screening_engine:screen_stocks:59 - 应用排除规则 market_cap, 剩余 5017 只
2026-03-26 08:54:51 | INFO     | app.services.stock_service:get_market_overview:439 - 从pytdx获取市场概览成功
2026-03-26 08:54:51 | INFO     | app.services.stock_service:get_intraday_data:505 - 从pytdx获取分时数据成功: 000001, 240条
2026-03-26 08:54:52 | INFO     | app.services.stock_service:get_kline_data:331 - 从pytdx获取K线数据成功: 000001, 60条
2026-03-26 08:54:54 | INFO     | app.services.stock_service:get_kline_data:331 - 从pytdx获取K线数据成功: 000001, 60条
2026-03-26 08:55:18 | INFO     | app.services.stock_service:get_market_overview:439 - 从pytdx获取市场概览成功
2026-03-26 08:55:48 | INFO     | app.services.stock_service:get_market_overview:439 - 从pytdx获取市场概览成功
2026-03-26 08:55:50 | INFO     | app.services.stock_service:get_kline_data:331 - 从pytdx获取K线数据成功: 000001, 60条
2026-03-26 08:55:52 | INFO     | app.services.stock_service:get_kline_data:331 - 从pytdx获取K线数据成功: 000001, 60条
2026-03-26 08:56:18 | INFO     | app.services.stock_service:get_market_overview:439 - 从pytdx获取市场概览成功
2026-03-26 08:56:48 | INFO     | app.services.stock_service:get_market_overview:439 - 从pytdx获取市场概览成功
2026-03-26 08:57:18 | INFO     | app.services.stock_service:get_market_overview:439 - 从pytdx获取市场概览成功
2026-03-26 08:57:44 | INFO     | app.services.stock_service:get_stock_list:201 - 从pytdx获取股票列表成功: 5196条
2026-03-26 08:57:44 | INFO     | app.services.screening_engine:screen_stocks:53 - 获取到 5196 只股票
2026-03-26 08:57:44 | INFO     | app.services.screening_engine:screen_stocks:59 - 应用排除规则 exclude_st, 剩余 5017 只
2026-03-26 08:57:44 | INFO     | app.services.screening_engine:screen_stocks:59 - 应用排除规则 market_cap, 剩余 5017 只
2026-03-26 08:57:44 | INFO     | app.services.stock_service:get_market_overview:439 - 从pytdx获取市场概览成功
2026-03-26 08:57:45 | INFO     | app.services.stock_service:get_intraday_data:505 - 从pytdx获取分时数据成功: 000001, 240条
2026-03-26 08:57:48 | INFO     | app.services.stock_service:get_market_overview:439 - 从pytdx获取市场概览成功
2026-03-26 08:57:53 | INFO     | app.services.stock_service:get_market_overview:439 - 从pytdx获取市场概览成功
2026-03-26 08:57:55 | INFO     | app.services.stock_service:get_stock_list:201 - 从pytdx获取股票列表成功: 5196条
2026-03-26 08:57:55 | INFO     | app.services.screening_engine:screen_stocks:53 - 获取到 5196 只股票
2026-03-26 08:57:55 | INFO     | app.services.screening_engine:screen_stocks:59 - 应用排除规则 exclude_st, 剩余 5017 只
2026-03-26 08:57:55 | INFO     | app.services.screening_engine:screen_stocks:59 - 应用排除规则 market_cap, 剩余 5017 只
2026-03-26 08:57:56 | INFO     | app.services.stock_service:get_intraday_data:505 - 从pytdx获取分时数据成功: 000001, 240条
2026-03-26 08:58:11 | INFO     | app.services.stock_service:get_market_overview:439 - 从pytdx获取市场概览成功
2026-03-26 08:58:18 | INFO     | app.services.stock_service:get_market_overview:439 - 从pytdx获取市场概览成功
2026-03-26 08:58:21 | INFO     | app.services.stock_service:get_kline_data:331 - 从pytdx获取K线数据成功: 000001, 60条
2026-03-26 08:58:22 | INFO     | app.services.stock_service:get_market_overview:439 - 从pytdx获取市场概览成功
2026-03-26 08:58:25 | INFO     | app.services.stock_service:get_kline_data:331 - 从pytdx获取K线数据成功: 000001, 60条
2026-03-26 08:58:36 | INFO     | app.services.stock_service:get_kline_data:331 - 从pytdx获取K线数据成功: 000001, 60条
2026-03-26 08:58:41 | INFO     | app.services.stock_service:get_market_overview:439 - 从pytdx获取市场概览成功
2026-03-26 08:58:48 | INFO     | app.services.stock_service:get_market_overview:439 - 从pytdx获取市场概览成功
2026-03-26 08:58:48 | INFO     | app.services.stock_service:get_kline_data:331 - 从pytdx获取K线数据成功: 000001, 60条
2026-03-26 08:58:52 | INFO     | app.services.stock_service:get_market_overview:439 - 从pytdx获取市场概览成功
2026-03-26 08:59:11 | INFO     | app.services.stock_service:get_market_overview:439 - 从pytdx获取市场概览成功
2026-03-26 08:59:19 | INFO     | app.services.stock_service:get_market_overview:439 - 从pytdx获取市场概览成功
2026-03-26 08:59:20 | INFO     | app.services.stock_service:get_kline_data:331 - 从pytdx获取K线数据成功: 000001, 60条
2026-03-26 08:59:22 | INFO     | app.services.stock_service:get_market_overview:439 - 从pytdx获取市场概览成功
2026-03-26 08:59:41 | INFO     | app.services.stock_service:get_market_overview:439 - 从pytdx获取市场概览成功
2026-03-26 08:59:48 | INFO     | app.services.stock_service:get_market_overview:439 - 从pytdx获取市场概览成功
2026-03-26 08:59:52 | INFO     | app.services.stock_service:get_market_overview:439 - 从pytdx获取市场概览成功
2026-03-26 09:00:11 | INFO     | app.services.stock_service:get_market_overview:439 - 从pytdx获取市场概览成功
2026-03-26 09:00:18 | INFO     | app.services.stock_service:get_market_overview:439 - 从pytdx获取市场概览成功
2026-03-26 09:00:20 | INFO     | app.services.stock_service:get_kline_data:331 - 从pytdx获取K线数据成功: 000001, 60条
2026-03-26 09:00:22 | INFO     | app.services.stock_service:get_market_overview:439 - 从pytdx获取市场概览成功
2026-03-26 09:00:41 | INFO     | app.services.stock_service:get_market_overview:439 - 从pytdx获取市场概览成功
2026-03-26 09:00:49 | INFO     | app.services.stock_service:get_market_overview:439 - 从pytdx获取市场概览成功
2026-03-26 09:00:53 | INFO     | app.services.stock_service:get_market_overview:439 - 从pytdx获取市场概览成功
2026-03-26 09:01:11 | INFO     | app.services.stock_service:get_market_overview:439 - 从pytdx获取市场概览成功
2026-03-26 09:01:19 | INFO     | app.services.stock_service:get_market_overview:439 - 从pytdx获取市场概览成功
2026-03-26 09:01:23 | INFO     | app.services.stock_service:get_market_overview:439 - 从pytdx获取市场概览成功
2026-03-26 09:01:41 | INFO     | app.services.stock_service:get_market_overview:439 - 从pytdx获取市场概览成功
2026-03-26 09:01:49 | INFO     | app.services.stock_service:get_market_overview:439 - 从pytdx获取市场概览成功
2026-03-26 09:01:53 | INFO     | app.services.stock_service:get_market_overview:439 - 从pytdx获取市场概览成功
2026-03-26 09:02:13 | INFO     | app.services.stock_service:get_stock_list:201 - 从pytdx获取股票列表成功: 5196条
2026-03-26 09:02:14 | INFO     | app.services.screening_engine:screen_stocks:53 - 获取到 5196 只股票
2026-03-26 09:02:14 | INFO     | app.services.screening_engine:screen_stocks:59 - 应用排除规则 exclude_st, 剩余 5017 只
2026-03-26 09:02:14 | INFO     | app.services.screening_engine:screen_stocks:59 - 应用排除规则 market_cap, 剩余 5017 只
2026-03-26 09:02:14 | INFO     | app.services.stock_service:get_market_overview:439 - 从pytdx获取市场概览成功
2026-03-26 09:02:15 | INFO     | app.services.stock_service:get_intraday_data:505 - 从pytdx获取分时数据成功: 000001, 240条
2026-03-26 09:02:15 | INFO     | app.services.stock_service:get_market_overview:439 - 从pytdx获取市场概览成功
2026-03-26 09:02:19 | INFO     | app.services.stock_service:get_market_overview:439 - 从pytdx获取市场概览成功
2026-03-26 09:02:21 | INFO     | app.services.stock_service:get_stock_list:201 - 从pytdx获取股票列表成功: 5196条
2026-03-26 09:02:21 | INFO     | app.services.screening_engine:screen_stocks:53 - 获取到 5196 只股票
2026-03-26 09:02:21 | INFO     | app.services.screening_engine:screen_stocks:59 - 应用排除规则 exclude_st, 剩余 5017 只
2026-03-26 09:02:21 | INFO     | app.services.screening_engine:screen_stocks:59 - 应用排除规则 market_cap, 剩余 5017 只
2026-03-26 09:02:22 | INFO     | app.services.stock_service:get_market_overview:439 - 从pytdx获取市场概览成功
2026-03-26 09:02:23 | INFO     | app.services.stock_service:get_market_overview:439 - 从pytdx获取市场概览成功
2026-03-26 09:02:23 | INFO     | app.services.stock_service:get_intraday_data:505 - 从pytdx获取分时数据成功: 000001, 240条
2026-03-26 09:02:26 | INFO     | app.services.stock_service:get_kline_data:331 - 从pytdx获取K线数据成功: 000001, 60条
2026-03-26 09:02:28 | INFO     | app.services.stock_service:get_kline_data:331 - 从pytdx获取K线数据成功: 000001, 60条
2026-03-26 09:02:30 | INFO     | app.services.stock_service:get_kline_data:331 - 从pytdx获取K线数据成功: 000001, 60条
2026-03-26 09:02:34 | INFO     | app.services.stock_service:get_stock_list:201 - 从pytdx获取股票列表成功: 5196条
2026-03-26 09:02:34 | INFO     | app.services.screening_engine:screen_stocks:53 - 获取到 5196 只股票
2026-03-26 09:02:34 | INFO     | app.services.screening_engine:screen_stocks:59 - 应用排除规则 exclude_st, 剩余 5017 只
2026-03-26 09:02:34 | INFO     | app.services.screening_engine:screen_stocks:59 - 应用排除规则 market_cap, 剩余 5017 只
2026-03-26 09:02:35 | INFO     | app.services.stock_service:get_market_overview:439 - 从pytdx获取市场概览成功
2026-03-26 09:02:35 | INFO     | app.services.stock_service:get_kline_data:331 - 从pytdx获取K线数据成功: 000001, 60条
2026-03-26 09:02:35 | INFO     | app.services.stock_service:get_kline_data:331 - 从pytdx获取K线数据成功: 000001, 60条
2026-03-26 09:02:39 | INFO     | app.services.stock_service:get_stock_list:201 - 从pytdx获取股票列表成功: 5196条
2026-03-26 09:02:39 | INFO     | app.services.screening_engine:screen_stocks:53 - 获取到 5196 只股票
2026-03-26 09:02:39 | INFO     | app.services.screening_engine:screen_stocks:59 - 应用排除规则 exclude_st, 剩余 5017 只
2026-03-26 09:02:39 | INFO     | app.services.screening_engine:screen_stocks:59 - 应用排除规则 market_cap, 剩余 5017 只
2026-03-26 09:02:40 | INFO     | app.services.stock_service:get_market_overview:439 - 从pytdx获取市场概览成功
2026-03-26 09:02:40 | INFO     | app.services.stock_service:get_intraday_data:505 - 从pytdx获取分时数据成功: 000001, 240条
2026-03-26 09:02:51 | INFO     | app.services.stock_service:get_kline_data:331 - 从pytdx获取K线数据成功: 000001, 60条
2026-03-26 09:02:53 | INFO     | app.services.stock_service:get_kline_data:331 - 从pytdx获取K线数据成功: 000001, 60条
2026-03-26 09:02:57 | INFO     | app.services.stock_service:get_kline_data:331 - 从pytdx获取K线数据成功: 000001, 60条
2026-03-26 09:03:06 | INFO     | app.services.stock_service:get_market_overview:439 - 从pytdx获取市场概览成功
2026-03-26 09:03:36 | INFO     | app.services.stock_service:get_market_overview:439 - 从pytdx获取市场概览成功
2026-03-26 09:04:06 | INFO     | app.services.stock_service:get_market_overview:439 - 从pytdx获取市场概览成功
2026-03-26 09:04:31 | INFO     | app.services.stock_service:get_stock_list:201 - 从pytdx获取股票列表成功: 5196条
2026-03-26 09:04:31 | INFO     | app.services.screening_engine:screen_stocks:53 - 获取到 5196 只股票
2026-03-26 09:04:31 | INFO     | app.services.screening_engine:screen_stocks:59 - 应用排除规则 exclude_st, 剩余 5017 只
2026-03-26 09:04:31 | INFO     | app.services.screening_engine:screen_stocks:59 - 应用排除规则 market_cap, 剩余 5017 只
2026-03-26 09:04:32 | INFO     | app.services.stock_service:get_market_overview:439 - 从pytdx获取市场概览成功
2026-03-26 09:04:32 | INFO     | app.services.stock_service:get_intraday_data:505 - 从pytdx获取分时数据成功: 000001, 240条
2026-03-26 09:04:37 | INFO     | app.services.stock_service:get_market_overview:439 - 从pytdx获取市场概览成功
2026-03-26 09:04:40 | INFO     | app.services.stock_service:get_kline_data:331 - 从pytdx获取K线数据成功: 000001, 60条
2026-03-26 09:04:45 | INFO     | app.services.stock_service:get_stock_list:201 - 从pytdx获取股票列表成功: 5196条
2026-03-26 09:04:45 | INFO     | app.services.screening_engine:screen_stocks:53 - 获取到 5196 只股票
2026-03-26 09:04:45 | INFO     | app.services.screening_engine:screen_stocks:59 - 应用排除规则 exclude_st, 剩余 5017 只
2026-03-26 09:04:45 | INFO     | app.services.screening_engine:screen_stocks:59 - 应用排除规则 market_cap, 剩余 5017 只
2026-03-26 09:04:46 | INFO     | app.services.stock_service:get_market_overview:439 - 从pytdx获取市场概览成功
2026-03-26 09:04:46 | INFO     | app.services.stock_service:get_intraday_data:505 - 从pytdx获取分时数据成功: 000001, 240条
2026-03-26 09:04:56 | INFO     | app.services.stock_service:get_stock_list:201 - 从pytdx获取股票列表成功: 5196条
2026-03-26 09:04:56 | INFO     | app.services.screening_engine:screen_stocks:53 - 获取到 5196 只股票
2026-03-26 09:04:56 | INFO     | app.services.screening_engine:screen_stocks:59 - 应用排除规则 exclude_st, 剩余 5017 只
2026-03-26 09:04:56 | INFO     | app.services.screening_engine:screen_stocks:59 - 应用排除规则 market_cap, 剩余 5017 只
2026-03-26 09:04:57 | INFO     | app.services.stock_service:get_market_overview:439 - 从pytdx获取市场概览成功
2026-03-26 09:04:57 | INFO     | app.services.stock_service:get_intraday_data:505 - 从pytdx获取分时数据成功: 000001, 240条
2026-03-26 09:05:13 | INFO     | app.services.stock_service:get_market_overview:439 - 从pytdx获取市场概览成功
2026-03-26 09:05:21 | INFO     | app.services.stock_service:get_market_overview:439 - 从pytdx获取市场概览成功
2026-03-26 09:05:23 | INFO     | app.services.stock_service:get_stock_list:201 - 从pytdx获取股票列表成功: 5196条
2026-03-26 09:05:23 | INFO     | app.services.screening_engine:screen_stocks:53 - 获取到 5196 只股票
2026-03-26 09:05:23 | INFO     | app.services.screening_engine:screen_stocks:59 - 应用排除规则 exclude_st, 剩余 5017 只
2026-03-26 09:05:23 | INFO     | app.services.screening_engine:screen_stocks:59 - 应用排除规则 market_cap, 剩余 5017 只
2026-03-26 09:05:24 | INFO     | app.services.stock_service:get_intraday_data:505 - 从pytdx获取分时数据成功: 000001, 240条
2026-03-26 09:05:24 | INFO     | app.services.stock_service:get_market_overview:439 - 从pytdx获取市场概览成功
2026-03-26 09:05:43 | INFO     | app.services.stock_service:get_market_overview:439 - 从pytdx获取市场概览成功
2026-03-26 09:05:45 | INFO     | app.services.stock_service:get_market_overview:439 - 从pytdx获取市场概览成功
2026-03-26 09:05:48 | INFO     | app.services.stock_service:get_stock_list:201 - 从pytdx获取股票列表成功: 5196条
2026-03-26 09:05:48 | INFO     | app.services.screening_engine:screen_stocks:53 - 获取到 5196 只股票
2026-03-26 09:05:48 | INFO     | app.services.screening_engine:screen_stocks:59 - 应用排除规则 exclude_st, 剩余 5017 只
2026-03-26 09:05:48 | INFO     | app.services.screening_engine:screen_stocks:59 - 应用排除规则 market_cap, 剩余 5017 只
2026-03-26 09:05:48 | INFO     | app.services.stock_service:get_intraday_data:505 - 从pytdx获取分时数据成功: 000001, 240条
2026-03-26 09:05:51 | INFO     | app.services.stock_service:get_market_overview:439 - 从pytdx获取市场概览成功
2026-03-26 09:05:54 | INFO     | app.services.stock_service:get_market_overview:439 - 从pytdx获取市场概览成功
2026-03-26 09:06:09 | INFO     | app.services.stock_service:get_stock_list:201 - 从pytdx获取股票列表成功: 5196条
2026-03-26 09:06:09 | INFO     | app.services.screening_engine:screen_stocks:53 - 获取到 5196 只股票
2026-03-26 09:06:09 | INFO     | app.services.screening_engine:screen_stocks:59 - 应用排除规则 exclude_st, 剩余 5017 只
2026-03-26 09:06:09 | INFO     | app.services.screening_engine:screen_stocks:59 - 应用排除规则 market_cap, 剩余 5017 只
2026-03-26 09:06:10 | INFO     | app.services.stock_service:get_market_overview:439 - 从pytdx获取市场概览成功
2026-03-26 09:06:10 | INFO     | app.services.stock_service:get_intraday_data:505 - 从pytdx获取分时数据成功: 000001, 240条
2026-03-26 09:06:13 | INFO     | app.services.stock_service:get_market_overview:439 - 从pytdx获取市场概览成功
2026-03-26 09:06:16 | INFO     | app.services.stock_service:get_market_overview:439 - 从pytdx获取市场概览成功
2026-03-26 09:06:22 | INFO     | app.services.stock_service:get_stock_list:201 - 从pytdx获取股票列表成功: 5196条
2026-03-26 09:06:22 | INFO     | app.services.screening_engine:screen_stocks:53 - 获取到 5196 只股票
2026-03-26 09:06:22 | INFO     | app.services.screening_engine:screen_stocks:59 - 应用排除规则 exclude_st, 剩余 5017 只
2026-03-26 09:06:22 | INFO     | app.services.screening_engine:screen_stocks:59 - 应用排除规则 market_cap, 剩余 5017 只
2026-03-26 09:06:23 | INFO     | app.services.stock_service:get_market_overview:439 - 从pytdx获取市场概览成功
2026-03-26 09:06:24 | INFO     | app.services.stock_service:get_market_overview:439 - 从pytdx获取市场概览成功
2026-03-26 09:06:24 | INFO     | app.services.stock_service:get_intraday_data:505 - 从pytdx获取分时数据成功: 000001, 240条
2026-03-26 09:06:24 | INFO     | app.services.stock_service:get_market_overview:439 - 从pytdx获取市场概览成功
2026-03-26 09:06:29 | INFO     | app.services.stock_service:get_stock_list:201 - 从pytdx获取股票列表成功: 5196条
2026-03-26 09:06:29 | INFO     | app.services.screening_engine:screen_stocks:53 - 获取到 5196 只股票
2026-03-26 09:06:29 | INFO     | app.services.screening_engine:screen_stocks:59 - 应用排除规则 exclude_st, 剩余 5017 只
2026-03-26 09:06:29 | INFO     | app.services.screening_engine:screen_stocks:59 - 应用排除规则 market_cap, 剩余 5017 只
2026-03-26 09:06:30 | INFO     | app.services.stock_service:get_market_overview:439 - 从pytdx获取市场概览成功
2026-03-26 09:06:30 | INFO     | app.services.stock_service:get_intraday_data:505 - 从pytdx获取分时数据成功: 000001, 240条
2026-03-26 09:06:37 | INFO     | app.services.stock_service:get_market_overview:439 - 从pytdx获取市场概览成功
2026-03-26 09:06:45 | INFO     | app.services.stock_service:get_stock_list:201 - 从pytdx获取股票列表成功: 5196条
2026-03-26 09:06:45 | INFO     | app.services.screening_engine:screen_stocks:53 - 获取到 5196 只股票
2026-03-26 09:06:45 | INFO     | app.services.screening_engine:screen_stocks:59 - 应用排除规则 exclude_st, 剩余 5017 只
2026-03-26 09:06:45 | INFO     | app.services.screening_engine:screen_stocks:59 - 应用排除规则 market_cap, 剩余 5017 只
2026-03-26 09:06:46 | INFO     | app.services.stock_service:get_market_overview:439 - 从pytdx获取市场概览成功
2026-03-26 09:06:47 | INFO     | app.services.stock_service:get_market_overview:439 - 从pytdx获取市场概览成功
2026-03-26 09:06:47 | INFO     | app.services.stock_service:get_intraday_data:505 - 从pytdx获取分时数据成功: 000001, 240条
2026-03-26 09:06:48 | INFO     | app.services.stock_service:get_market_overview:439 - 从pytdx获取市场概览成功
2026-03-26 09:06:50 | INFO     | app.services.stock_service:get_market_overview:439 - 从pytdx获取市场概览成功
2026-03-26 09:06:51 | INFO     | app.services.stock_service:get_market_overview:439 - 从pytdx获取市场概览成功
2026-03-26 09:06:54 | INFO     | app.services.stock_service:get_market_overview:439 - 从pytdx获取市场概览成功
2026-03-26 09:06:56 | INFO     | app.services.stock_service:get_market_overview:439 - 从pytdx获取市场概览成功
2026-03-26 09:07:07 | INFO     | app.services.stock_service:get_market_overview:439 - 从pytdx获取市场概览成功
2026-03-26 09:07:14 | INFO     | app.services.stock_service:get_stock_list:201 - 从pytdx获取股票列表成功: 5196条
2026-03-26 09:07:14 | INFO     | app.services.screening_engine:screen_stocks:53 - 获取到 5196 只股票
2026-03-26 09:07:14 | INFO     | app.services.screening_engine:screen_stocks:59 - 应用排除规则 exclude_st, 剩余 5017 只
2026-03-26 09:07:14 | INFO     | app.services.screening_engine:screen_stocks:59 - 应用排除规则 market_cap, 剩余 5017 只
2026-03-26 09:07:15 | INFO     | app.services.stock_service:get_market_overview:439 - 从pytdx获取市场概览成功
2026-03-26 09:07:15 | INFO     | app.services.stock_service:get_intraday_data:505 - 从pytdx获取分时数据成功: 000001, 240条
2026-03-26 09:07:42 | INFO     | app.services.stock_service:get_market_overview:439 - 从pytdx获取市场概览成功
2026-03-26 09:08:07 | INFO     | app.services.stock_service:get_market_overview:439 - 从pytdx获取市场概览成功
2026-03-26 09:08:10 | INFO     | app.services.stock_service:get_stock_list:201 - 从pytdx获取股票列表成功: 5196条
2026-03-26 09:08:10 | INFO     | app.services.screening_engine:screen_stocks:53 - 获取到 5196 只股票
2026-03-26 09:08:10 | INFO     | app.services.screening_engine:screen_stocks:59 - 应用排除规则 exclude_st, 剩余 5017 只
2026-03-26 09:08:10 | INFO     | app.services.screening_engine:screen_stocks:59 - 应用排除规则 market_cap, 剩余 5017 只
2026-03-26 09:08:11 | INFO     | app.services.stock_service:get_intraday_data:505 - 从pytdx获取分时数据成功: 000001, 240条
2026-03-26 09:08:12 | INFO     | app.services.stock_service:get_market_overview:439 - 从pytdx获取市场概览成功
2026-03-26 09:08:37 | INFO     | app.services.stock_service:get_market_overview:439 - 从pytdx获取市场概览成功
2026-03-26 09:08:42 | INFO     | app.services.stock_service:get_market_overview:439 - 从pytdx获取市场概览成功
2026-03-26 09:09:07 | INFO     | app.services.stock_service:get_market_overview:439 - 从pytdx获取市场概览成功
2026-03-26 09:09:12 | INFO     | app.services.stock_service:get_market_overview:439 - 从pytdx获取市场概览成功
2026-03-26 09:09:37 | INFO     | app.services.stock_service:get_market_overview:439 - 从pytdx获取市场概览成功
2026-03-26 09:09:42 | INFO     | app.services.stock_service:get_market_overview:439 - 从pytdx获取市场概览成功
2026-03-26 09:10:07 | INFO     | app.services.stock_service:get_market_overview:439 - 从pytdx获取市场概览成功
2026-03-26 09:10:12 | INFO     | app.services.stock_service:get_market_overview:439 - 从pytdx获取市场概览成功
2026-03-26 09:10:37 | INFO     | app.services.stock_service:get_market_overview:439 - 从pytdx获取市场概览成功
2026-03-26 09:11:07 | INFO     | app.services.stock_service:get_market_overview:439 - 从pytdx获取市场概览成功
2026-03-26 09:11:12 | INFO     | app.services.stock_service:get_market_overview:439 - 从pytdx获取市场概览成功
2026-03-26 09:11:14 | INFO     | app.services.stock_service:get_kline_data:331 - 从pytdx获取K线数据成功: 000001, 60条
2026-03-26 09:11:23 | INFO     | app.services.stock_service:get_kline_data:331 - 从pytdx获取K线数据成功: 000001, 60条
2026-03-26 09:11:37 | INFO     | app.services.stock_service:get_market_overview:439 - 从pytdx获取市场概览成功
2026-03-26 09:11:42 | INFO     | app.services.stock_service:get_market_overview:439 - 从pytdx获取市场概览成功
2026-03-26 09:12:07 | INFO     | app.services.stock_service:get_market_overview:439 - 从pytdx获取市场概览成功
2026-03-26 09:12:12 | INFO     | app.services.stock_service:get_market_overview:439 - 从pytdx获取市场概览成功
2026-03-26 09:12:37 | INFO     | app.services.stock_service:get_market_overview:439 - 从pytdx获取市场概览成功
2026-03-26 09:12:42 | INFO     | app.services.stock_service:get_market_overview:439 - 从pytdx获取市场概览成功
2026-03-26 09:12:46 | INFO     | app.services.stock_service:get_stock_list:201 - 从pytdx获取股票列表成功: 5196条
2026-03-26 09:12:46 | INFO     | app.services.screening_engine:screen_stocks:53 - 获取到 5196 只股票
2026-03-26 09:12:46 | INFO     | app.services.screening_engine:screen_stocks:59 - 应用排除规则 exclude_st, 剩余 5017 只
2026-03-26 09:12:46 | INFO     | app.services.screening_engine:screen_stocks:59 - 应用排除规则 market_cap, 剩余 5017 只
2026-03-26 09:12:47 | INFO     | app.services.stock_service:get_market_overview:439 - 从pytdx获取市场概览成功
2026-03-26 09:12:47 | INFO     | app.services.stock_service:get_intraday_data:505 - 从pytdx获取分时数据成功: 000001, 240条
2026-03-26 09:13:00 | INFO     | app.services.stock_service:get_stock_list:201 - 从pytdx获取股票列表成功: 5196条
2026-03-26 09:13:00 | INFO     | app.services.screening_engine:screen_stocks:53 - 获取到 5196 只股票
2026-03-26 09:13:00 | INFO     | app.services.screening_engine:screen_stocks:59 - 应用排除规则 exclude_st, 剩余 5017 只
2026-03-26 09:13:00 | INFO     | app.services.screening_engine:screen_stocks:59 - 应用排除规则 market_cap, 剩余 5017 只
2026-03-26 09:13:01 | INFO     | app.services.stock_service:get_market_overview:439 - 从pytdx获取市场概览成功
2026-03-26 09:13:01 | INFO     | app.services.stock_service:get_kline_data:331 - 从pytdx获取K线数据成功: 000001, 60条
2026-03-26 09:13:04 | INFO     | app.services.stock_service:get_kline_data:331 - 从pytdx获取K线数据成功: 000001, 60条
2026-03-26 09:13:05 | INFO     | app.services.stock_service:get_kline_data:331 - 从pytdx获取K线数据成功: 000001, 60条
2026-03-26 09:13:06 | INFO     | app.services.stock_service:get_intraday_data:505 - 从pytdx获取分时数据成功: 000001, 240条
2026-03-26 09:13:07 | INFO     | app.services.stock_service:get_kline_data:331 - 从pytdx获取K线数据成功: 000001, 60条
2026-03-26 09:13:15 | INFO     | app.services.stock_service:get_stock_list:201 - 从pytdx获取股票列表成功: 5196条
2026-03-26 09:13:15 | INFO     | app.services.screening_engine:screen_stocks:53 - 获取到 5196 只股票
2026-03-26 09:13:15 | INFO     | app.services.screening_engine:screen_stocks:59 - 应用排除规则 exclude_st, 剩余 5017 只
2026-03-26 09:13:15 | INFO     | app.services.screening_engine:screen_stocks:59 - 应用排除规则 market_cap, 剩余 5017 只
2026-03-26 09:13:16 | INFO     | app.services.stock_service:get_market_overview:439 - 从pytdx获取市场概览成功
2026-03-26 09:13:16 | INFO     | app.services.stock_service:get_kline_data:331 - 从pytdx获取K线数据成功: 000001, 60条
2026-03-26 09:13:20 | INFO     | app.services.stock_service:get_kline_data:331 - 从pytdx获取K线数据成功: 000001, 60条
2026-03-26 09:13:43 | INFO     | app.services.stock_service:get_market_overview:439 - 从pytdx获取市场概览成功
2026-03-26 09:14:11 | INFO     | app.services.stock_service:get_market_overview:439 - 从pytdx获取市场概览成功
2026-03-26 09:14:13 | INFO     | app.services.stock_service:get_stock_list:201 - 从pytdx获取股票列表成功: 5196条
2026-03-26 09:14:13 | INFO     | app.services.screening_engine:screen_stocks:53 - 获取到 5196 只股票
2026-03-26 09:14:13 | INFO     | app.services.screening_engine:screen_stocks:59 - 应用排除规则 exclude_st, 剩余 5017 只
2026-03-26 09:14:13 | INFO     | app.services.screening_engine:screen_stocks:59 - 应用排除规则 market_cap, 剩余 5017 只
2026-03-26 09:14:14 | INFO     | app.services.stock_service:get_intraday_data:505 - 从pytdx获取分时数据成功: 000001, 240条
2026-03-26 09:14:14 | INFO     | app.services.stock_service:get_market_overview:439 - 从pytdx获取市场概览成功
2026-03-26 09:14:28 | INFO     | app.services.stock_service:get_stock_list:201 - 从pytdx获取股票列表成功: 5196条
2026-03-26 09:14:28 | INFO     | app.services.screening_engine:screen_stocks:53 - 获取到 5196 只股票
2026-03-26 09:14:28 | INFO     | app.services.screening_engine:screen_stocks:59 - 应用排除规则 exclude_st, 剩余 5017 只
2026-03-26 09:14:28 | INFO     | app.services.screening_engine:screen_stocks:59 - 应用排除规则 market_cap, 剩余 5017 只
2026-03-26 09:14:29 | INFO     | app.services.stock_service:get_market_overview:439 - 从pytdx获取市场概览成功
2026-03-26 09:14:29 | INFO     | app.services.stock_service:get_intraday_data:505 - 从pytdx获取分时数据成功: 000001, 240条
2026-03-26 09:14:41 | INFO     | app.services.stock_service:get_market_overview:439 - 从pytdx获取市场概览成功
2026-03-26 09:14:43 | INFO     | app.services.stock_service:get_market_overview:439 - 从pytdx获取市场概览成功
2026-03-26 09:14:46 | INFO     | app.services.stock_service:get_market_overview:439 - 从pytdx获取市场概览成功
2026-03-26 09:14:49 | INFO     | app.services.stock_service:get_stock_list:201 - 从pytdx获取股票列表成功: 5196条
2026-03-26 09:14:49 | INFO     | app.services.screening_engine:screen_stocks:53 - 获取到 5196 只股票
2026-03-26 09:14:49 | INFO     | app.services.screening_engine:screen_stocks:59 - 应用排除规则 exclude_st, 剩余 5017 只
2026-03-26 09:14:49 | INFO     | app.services.screening_engine:screen_stocks:59 - 应用排除规则 market_cap, 剩余 5017 只
2026-03-26 09:14:49 | INFO     | app.services.stock_service:get_intraday_data:505 - 从pytdx获取分时数据成功: 000001, 240条
2026-03-26 09:14:56 | INFO     | app.services.stock_service:get_market_overview:439 - 从pytdx获取市场概览成功
2026-03-26 09:15:06 | INFO     | app.services.stock_service:get_market_overview:439 - 从pytdx获取市场概览成功
2026-03-26 09:15:08 | INFO     | app.services.stock_service:get_stock_list:201 - 从pytdx获取股票列表成功: 5196条
2026-03-26 09:15:08 | INFO     | app.services.screening_engine:screen_stocks:53 - 获取到 5196 只股票
2026-03-26 09:15:08 | INFO     | app.services.screening_engine:screen_stocks:59 - 应用排除规则 exclude_st, 剩余 5017 只
2026-03-26 09:15:08 | INFO     | app.services.screening_engine:screen_stocks:59 - 应用排除规则 market_cap, 剩余 5017 只
2026-03-26 09:15:09 | INFO     | app.services.stock_service:get_intraday_data:505 - 从pytdx获取分时数据成功: 000001, 240条
2026-03-26 09:15:11 | INFO     | app.services.stock_service:get_market_overview:439 - 从pytdx获取市场概览成功
2026-03-26 09:15:13 | INFO     | app.services.stock_service:get_market_overview:439 - 从pytdx获取市场概览成功
2026-03-26 09:15:16 | INFO     | app.services.stock_service:get_market_overview:439 - 从pytdx获取市场概览成功
2026-03-26 09:15:26 | INFO     | app.services.stock_service:get_market_overview:439 - 从pytdx获取市场概览成功
2026-03-26 09:15:34 | INFO     | app.services.stock_service:get_stock_list:201 - 从pytdx获取股票列表成功: 5196条
2026-03-26 09:15:34 | INFO     | app.services.screening_engine:screen_stocks:53 - 获取到 5196 只股票
2026-03-26 09:15:34 | INFO     | app.services.screening_engine:screen_stocks:59 - 应用排除规则 exclude_st, 剩余 5017 只
2026-03-26 09:15:34 | INFO     | app.services.screening_engine:screen_stocks:59 - 应用排除规则 market_cap, 剩余 5017 只
2026-03-26 09:15:34 | INFO     | app.services.stock_service:get_market_overview:439 - 从pytdx获取市场概览成功
2026-03-26 09:15:34 | INFO     | app.services.stock_service:get_kline_data:331 - 从pytdx获取K线数据成功: 000001, 60条
2026-03-26 09:16:01 | INFO     | app.services.stock_service:get_market_overview:439 - 从pytdx获取市场概览成功
2026-03-26 09:16:05 | INFO     | app.services.stock_service:get_market_overview:439 - 从pytdx获取市场概览成功
2026-03-26 09:16:08 | INFO     | app.services.stock_service:get_stock_list:201 - 从pytdx获取股票列表成功: 5196条
2026-03-26 09:16:08 | INFO     | app.services.screening_engine:screen_stocks:53 - 获取到 5196 只股票
2026-03-26 09:16:08 | INFO     | app.services.screening_engine:screen_stocks:59 - 应用排除规则 exclude_st, 剩余 5017 只
2026-03-26 09:16:08 | INFO     | app.services.screening_engine:screen_stocks:59 - 应用排除规则 market_cap, 剩余 5017 只
2026-03-26 09:16:08 | INFO     | app.services.stock_service:get_intraday_data:505 - 从pytdx获取分时数据成功: 000001, 240条
2026-03-26 09:16:14 | INFO     | app.services.stock_service:get_market_overview:439 - 从pytdx获取市场概览成功
2026-03-26 09:16:17 | INFO     | app.services.stock_service:get_stock_list:201 - 从pytdx获取股票列表成功: 5196条
2026-03-26 09:16:17 | INFO     | app.services.screening_engine:screen_stocks:53 - 获取到 5196 只股票
2026-03-26 09:16:17 | INFO     | app.services.screening_engine:screen_stocks:59 - 应用排除规则 exclude_st, 剩余 5017 只
2026-03-26 09:16:17 | INFO     | app.services.screening_engine:screen_stocks:59 - 应用排除规则 market_cap, 剩余 5017 只
2026-03-26 09:16:17 | INFO     | app.services.stock_service:get_kline_data:331 - 从pytdx获取K线数据成功: 000001, 60条
2026-03-26 09:16:17 | INFO     | app.services.stock_service:get_kline_data:331 - 从pytdx获取K线数据成功: 000001, 60条
2026-03-26 09:16:31 | INFO     | app.services.stock_service:get_market_overview:439 - 从pytdx获取市场概览成功
2026-03-26 09:16:35 | INFO     | app.services.stock_service:get_market_overview:439 - 从pytdx获取市场概览成功
2026-03-26 09:16:39 | INFO     | app.services.stock_service:get_stock_list:201 - 从pytdx获取股票列表成功: 5196条
2026-03-26 09:16:39 | INFO     | app.services.screening_engine:screen_stocks:53 - 获取到 5196 只股票
2026-03-26 09:16:39 | INFO     | app.services.screening_engine:screen_stocks:59 - 应用排除规则 exclude_st, 剩余 5017 只
2026-03-26 09:16:39 | INFO     | app.services.screening_engine:screen_stocks:59 - 应用排除规则 market_cap, 剩余 5017 只
2026-03-26 09:16:40 | INFO     | app.services.stock_service:get_market_overview:439 - 从pytdx获取市场概览成功
2026-03-26 09:16:40 | INFO     | app.services.stock_service:get_kline_data:331 - 从pytdx获取K线数据成功: 000001, 60条
2026-03-26 09:16:42 | INFO     | app.services.stock_service:get_kline_data:331 - 从pytdx获取K线数据成功: 000001, 60条
2026-03-26 09:16:44 | INFO     | app.services.stock_service:get_market_overview:439 - 从pytdx获取市场概览成功
2026-03-26 09:16:48 | INFO     | app.services.stock_service:get_market_overview:439 - 从pytdx获取市场概览成功
2026-03-26 09:16:51 | INFO     | app.services.stock_service:get_stock_list:201 - 从pytdx获取股票列表成功: 5196条
2026-03-26 09:16:51 | INFO     | app.services.screening_engine:screen_stocks:53 - 获取到 5196 只股票
2026-03-26 09:16:51 | INFO     | app.services.screening_engine:screen_stocks:59 - 应用排除规则 exclude_st, 剩余 5017 只
2026-03-26 09:16:51 | INFO     | app.services.screening_engine:screen_stocks:59 - 应用排除规则 market_cap, 剩余 5017 只
2026-03-26 09:16:51 | INFO     | app.services.stock_service:get_intraday_data:505 - 从pytdx获取分时数据成功: 000001, 240条
2026-03-26 09:17:00 | INFO     | app.services.stock_service:get_stock_list:201 - 从pytdx获取股票列表成功: 5196条
2026-03-26 09:17:00 | INFO     | app.services.screening_engine:screen_stocks:53 - 获取到 5196 只股票
2026-03-26 09:17:00 | INFO     | app.services.screening_engine:screen_stocks:59 - 应用排除规则 exclude_st, 剩余 5017 只
2026-03-26 09:17:00 | INFO     | app.services.screening_engine:screen_stocks:59 - 应用排除规则 market_cap, 剩余 5017 只
2026-03-26 09:17:01 | INFO     | app.services.stock_service:get_market_overview:439 - 从pytdx获取市场概览成功
2026-03-26 09:17:01 | INFO     | app.services.stock_service:get_intraday_data:505 - 从pytdx获取分时数据成功: 000001, 240条
2026-03-26 09:17:01 | INFO     | app.services.stock_service:get_market_overview:439 - 从pytdx获取市场概览成功
2026-03-26 09:17:05 | INFO     | app.services.stock_service:get_market_overview:439 - 从pytdx获取市场概览成功
2026-03-26 09:17:07 | INFO     | app.services.stock_service:get_market_overview:439 - 从pytdx获取市场概览成功
2026-03-26 09:17:15 | INFO     | app.services.stock_service:get_market_overview:439 - 从pytdx获取市场概览成功
2026-03-26 09:17:18 | INFO     | app.services.stock_service:get_market_overview:439 - 从pytdx获取市场概览成功
2026-03-26 09:17:28 | INFO     | app.services.stock_service:get_market_overview:439 - 从pytdx获取市场概览成功
2026-03-26 09:17:31 | INFO     | app.services.stock_service:get_market_overview:439 - 从pytdx获取市场概览成功
2026-03-26 09:17:35 | INFO     | app.services.stock_service:get_market_overview:439 - 从pytdx获取市场概览成功
2026-03-26 09:17:37 | INFO     | app.services.stock_service:get_market_overview:439 - 从pytdx获取市场概览成功
2026-03-26 09:17:45 | INFO     | app.services.stock_service:get_market_overview:439 - 从pytdx获取市场概览成功
2026-03-26 09:17:48 | INFO     | app.services.stock_service:get_market_overview:439 - 从pytdx获取市场概览成功
2026-03-26 09:17:58 | INFO     | app.services.stock_service:get_market_overview:439 - 从pytdx获取市场概览成功
2026-03-26 09:18:01 | INFO     | app.services.stock_service:get_market_overview:439 - 从pytdx获取市场概览成功
2026-03-26 09:18:05 | INFO     | app.services.stock_service:get_market_overview:439 - 从pytdx获取市场概览成功
2026-03-26 09:18:07 | INFO     | app.services.stock_service:get_market_overview:439 - 从pytdx获取市场概览成功
2026-03-26 09:18:12 | INFO     | app.services.stock_service:get_kline_data:331 - 从pytdx获取K线数据成功: 000001, 60条
2026-03-26 09:18:14 | INFO     | app.services.stock_service:get_market_overview:439 - 从pytdx获取市场概览成功
2026-03-26 09:18:16 | INFO     | app.services.stock_service:get_market_overview:439 - 从pytdx获取市场概览成功
2026-03-26 09:18:19 | INFO     | app.services.stock_service:get_stock_list:201 - 从pytdx获取股票列表成功: 5196条
2026-03-26 09:18:19 | INFO     | app.services.screening_engine:screen_stocks:53 - 获取到 5196 只股票
2026-03-26 09:18:19 | INFO     | app.services.screening_engine:screen_stocks:59 - 应用排除规则 exclude_st, 剩余 5017 只
2026-03-26 09:18:19 | INFO     | app.services.screening_engine:screen_stocks:59 - 应用排除规则 market_cap, 剩余 5017 只
2026-03-26 09:18:19 | INFO     | app.services.stock_service:get_intraday_data:505 - 从pytdx获取分时数据成功: 000001, 240条
2026-03-26 09:18:23 | INFO     | app.services.stock_service:get_kline_data:331 - 从pytdx获取K线数据成功: 000001, 60条
2026-03-26 09:18:46 | INFO     | app.services.stock_service:get_market_overview:439 - 从pytdx获取市场概览成功
2026-03-26 09:19:16 | INFO     | app.services.stock_service:get_market_overview:439 - 从pytdx获取市场概览成功
2026-03-26 09:19:17 | INFO     | app.services.stock_service:get_market_overview:439 - 从pytdx获取市场概览成功
2026-03-26 09:19:20 | INFO     | app.services.stock_service:get_stock_list:201 - 从pytdx获取股票列表成功: 5196条
2026-03-26 09:19:20 | INFO     | app.services.screening_engine:screen_stocks:53 - 获取到 5196 只股票
2026-03-26 09:19:20 | INFO     | app.services.screening_engine:screen_stocks:59 - 应用排除规则 exclude_st, 剩余 5017 只
2026-03-26 09:19:20 | INFO     | app.services.screening_engine:screen_stocks:59 - 应用排除规则 market_cap, 剩余 5017 只
2026-03-26 09:19:21 | INFO     | app.services.stock_service:get_intraday_data:505 - 从pytdx获取分时数据成功: 000001, 240条
2026-03-26 09:19:35 | INFO     | app.services.stock_service:get_stock_list:201 - 从pytdx获取股票列表成功: 5196条
2026-03-26 09:19:35 | INFO     | app.services.screening_engine:screen_stocks:53 - 获取到 5196 只股票
2026-03-26 09:19:35 | INFO     | app.services.screening_engine:screen_stocks:59 - 应用排除规则 exclude_st, 剩余 5017 只
2026-03-26 09:19:35 | INFO     | app.services.screening_engine:screen_stocks:59 - 应用排除规则 market_cap, 剩余 5017 只
2026-03-26 09:19:36 | INFO     | app.services.stock_service:get_market_overview:439 - 从pytdx获取市场概览成功
2026-03-26 09:19:36 | INFO     | app.services.stock_service:get_intraday_data:505 - 从pytdx获取分时数据成功: 000001, 240条
2026-03-26 09:19:46 | INFO     | app.services.stock_service:get_market_overview:439 - 从pytdx获取市场概览成功
2026-03-26 09:19:48 | INFO     | app.services.stock_service:get_market_overview:439 - 从pytdx获取市场概览成功
2026-03-26 09:20:02 | INFO     | app.services.stock_service:get_market_overview:439 - 从pytdx获取市场概览成功
2026-03-26 09:20:05 | INFO     | app.services.stock_service:get_stock_list:201 - 从pytdx获取股票列表成功: 5196条
2026-03-26 09:20:05 | INFO     | app.services.screening_engine:screen_stocks:53 - 获取到 5196 只股票
2026-03-26 09:20:05 | INFO     | app.services.screening_engine:screen_stocks:59 - 应用排除规则 exclude_st, 剩余 5017 只
2026-03-26 09:20:05 | INFO     | app.services.screening_engine:screen_stocks:59 - 应用排除规则 market_cap, 剩余 5017 只
2026-03-26 09:20:06 | INFO     | app.services.stock_service:get_market_overview:439 - 从pytdx获取市场概览成功
2026-03-26 09:20:06 | INFO     | app.services.stock_service:get_intraday_data:505 - 从pytdx获取分时数据成功: 000001, 240条
2026-03-26 09:20:14 | INFO     | app.services.stock_service:get_market_overview:439 - 从pytdx获取市场概览成功
2026-03-26 09:20:17 | INFO     | app.services.stock_service:get_stock_list:201 - 从pytdx获取股票列表成功: 5196条
2026-03-26 09:20:17 | INFO     | app.services.screening_engine:screen_stocks:53 - 获取到 5196 只股票
2026-03-26 09:20:17 | INFO     | app.services.screening_engine:screen_stocks:59 - 应用排除规则 exclude_st, 剩余 5017 只
2026-03-26 09:20:17 | INFO     | app.services.screening_engine:screen_stocks:59 - 应用排除规则 market_cap, 剩余 5017 只
2026-03-26 09:20:17 | INFO     | app.services.stock_service:get_market_overview:439 - 从pytdx获取市场概览成功
2026-03-26 09:20:18 | INFO     | app.services.stock_service:get_intraday_data:505 - 从pytdx获取分时数据成功: 000001, 240条
2026-03-26 09:20:18 | INFO     | app.services.stock_service:get_market_overview:439 - 从pytdx获取市场概览成功
2026-03-26 09:20:29 | INFO     | app.services.stock_service:get_stock_list:201 - 从pytdx获取股票列表成功: 5196条
2026-03-26 09:20:29 | INFO     | app.services.screening_engine:screen_stocks:53 - 获取到 5196 只股票
2026-03-26 09:20:29 | INFO     | app.services.screening_engine:screen_stocks:59 - 应用排除规则 exclude_st, 剩余 5017 只
2026-03-26 09:20:29 | INFO     | app.services.screening_engine:screen_stocks:59 - 应用排除规则 market_cap, 剩余 5017 只
2026-03-26 09:20:29 | INFO     | app.services.stock_service:get_market_overview:439 - 从pytdx获取市场概览成功
2026-03-26 09:20:29 | INFO     | app.services.stock_service:get_intraday_data:505 - 从pytdx获取分时数据成功: 000001, 240条
2026-03-26 09:20:32 | INFO     | app.services.stock_service:get_market_overview:439 - 从pytdx获取市场概览成功
2026-03-26 09:20:33 | INFO     | app.services.stock_service:get_market_overview:439 - 从pytdx获取市场概览成功
2026-03-26 09:20:44 | INFO     | app.services.stock_service:get_market_overview:439 - 从pytdx获取市场概览成功
2026-03-26 09:20:46 | INFO     | app.services.stock_service:get_market_overview:439 - 从pytdx获取市场概览成功
2026-03-26 09:20:48 | INFO     | app.services.stock_service:get_market_overview:439 - 从pytdx获取市场概览成功
2026-03-26 09:20:56 | INFO     | app.services.stock_service:get_market_overview:439 - 从pytdx获取市场概览成功
2026-03-26 09:20:58 | INFO     | app.services.stock_service:get_market_overview:439 - 从pytdx获取市场概览成功
2026-03-26 09:21:01 | INFO     | app.services.stock_service:get_stock_list:201 - 从pytdx获取股票列表成功: 5196条
2026-03-26 09:21:01 | INFO     | app.services.screening_engine:screen_stocks:53 - 获取到 5196 只股票
2026-03-26 09:21:01 | INFO     | app.services.screening_engine:screen_stocks:59 - 应用排除规则 exclude_st, 剩余 5017 只
2026-03-26 09:21:01 | INFO     | app.services.screening_engine:screen_stocks:59 - 应用排除规则 market_cap, 剩余 5017 只
2026-03-26 09:21:01 | INFO     | app.services.stock_service:get_intraday_data:505 - 从pytdx获取分时数据成功: 000001, 240条
2026-03-26 09:21:02 | INFO     | app.services.stock_service:get_market_overview:439 - 从pytdx获取市场概览成功
2026-03-26 09:21:03 | INFO     | app.services.stock_service:get_market_overview:439 - 从pytdx获取市场概览成功
2026-03-26 09:21:14 | INFO     | app.services.stock_service:get_market_overview:439 - 从pytdx获取市场概览成功
2026-03-26 09:21:16 | INFO     | app.services.stock_service:get_market_overview:439 - 从pytdx获取市场概览成功
2026-03-26 09:21:18 | INFO     | app.services.stock_service:get_market_overview:439 - 从pytdx获取市场概览成功
2026-03-26 09:21:26 | INFO     | app.services.stock_service:get_market_overview:439 - 从pytdx获取市场概览成功
2026-03-26 09:21:28 | INFO     | app.services.stock_service:get_market_overview:439 - 从pytdx获取市场概览成功
2026-03-26 09:21:32 | INFO     | app.services.stock_service:get_market_overview:439 - 从pytdx获取市场概览成功
2026-03-26 09:21:33 | INFO     | app.services.stock_service:get_market_overview:439 - 从pytdx获取市场概览成功
2026-03-26 09:21:46 | INFO     | app.services.stock_service:get_stock_list:201 - 从pytdx获取股票列表成功: 5196条
2026-03-26 09:21:46 | INFO     | app.services.screening_engine:screen_stocks:53 - 获取到 5196 只股票
2026-03-26 09:21:46 | INFO     | app.services.screening_engine:screen_stocks:59 - 应用排除规则 exclude_st, 剩余 5017 只
2026-03-26 09:21:46 | INFO     | app.services.screening_engine:screen_stocks:59 - 应用排除规则 market_cap, 剩余 5017 只
2026-03-26 09:21:46 | INFO     | app.services.stock_service:get_market_overview:439 - 从pytdx获取市场概览成功
2026-03-26 09:21:47 | INFO     | app.services.stock_service:get_market_overview:439 - 从pytdx获取市场概览成功
2026-03-26 09:21:47 | INFO     | app.services.stock_service:get_intraday_data:505 - 从pytdx获取分时数据成功: 000001, 240条
2026-03-26 09:21:48 | INFO     | app.services.stock_service:get_market_overview:439 - 从pytdx获取市场概览成功
2026-03-26 09:21:53 | INFO     | app.services.stock_service:get_stock_list:201 - 从pytdx获取股票列表成功: 5196条
2026-03-26 09:21:53 | INFO     | app.services.screening_engine:screen_stocks:53 - 获取到 5196 只股票
2026-03-26 09:21:53 | INFO     | app.services.screening_engine:screen_stocks:59 - 应用排除规则 exclude_st, 剩余 5017 只
2026-03-26 09:21:53 | INFO     | app.services.screening_engine:screen_stocks:59 - 应用排除规则 market_cap, 剩余 5017 只
2026-03-26 09:21:54 | INFO     | app.services.stock_service:get_market_overview:439 - 从pytdx获取市场概览成功
2026-03-26 09:21:54 | INFO     | app.services.stock_service:get_intraday_data:505 - 从pytdx获取分时数据成功: 000001, 240条
2026-03-26 09:21:56 | INFO     | app.services.stock_service:get_market_overview:439 - 从pytdx获取市场概览成功
2026-03-26 09:21:58 | INFO     | app.services.stock_service:get_market_overview:439 - 从pytdx获取市场概览成功
2026-03-26 09:22:02 | INFO     | app.services.stock_service:get_market_overview:439 - 从pytdx获取市场概览成功
2026-03-26 09:22:03 | INFO     | app.services.stock_service:get_market_overview:439 - 从pytdx获取市场概览成功
2026-03-26 09:22:09 | INFO     | app.services.stock_service:get_market_overview:439 - 从pytdx获取市场概览成功
2026-03-26 09:22:12 | INFO     | app.services.stock_service:get_kline_data:331 - 从pytdx获取K线数据成功: 000001, 60条
2026-03-26 09:22:13 | INFO     | app.services.stock_service:get_market_overview:439 - 从pytdx获取市场概览成功
2026-03-26 09:22:13 | INFO     | app.services.stock_service:get_kline_data:331 - 从pytdx获取K线数据成功: 000001, 60条
2026-03-26 09:22:14 | INFO     | app.services.stock_service:get_market_overview:439 - 从pytdx获取市场概览成功
2026-03-26 09:22:16 | INFO     | app.services.stock_service:get_market_overview:439 - 从pytdx获取市场概览成功
2026-03-26 09:22:18 | INFO     | app.services.stock_service:get_market_overview:439 - 从pytdx获取市场概览成功
2026-03-26 09:22:21 | INFO     | app.services.stock_service:get_market_overview:439 - 从pytdx获取市场概览成功
2026-03-26 09:22:26 | INFO     | app.services.stock_service:get_market_overview:439 - 从pytdx获取市场概览成功
2026-03-26 09:22:28 | INFO     | app.services.stock_service:get_market_overview:439 - 从pytdx获取市场概览成功
2026-03-26 09:22:32 | INFO     | app.services.stock_service:get_market_overview:439 - 从pytdx获取市场概览成功
2026-03-26 09:22:33 | INFO     | app.services.stock_service:get_market_overview:439 - 从pytdx获取市场概览成功
2026-03-26 09:22:43 | INFO     | app.services.stock_service:get_market_overview:439 - 从pytdx获取市场概览成功
2026-03-26 09:22:44 | INFO     | app.services.stock_service:get_market_overview:439 - 从pytdx获取市场概览成功
2026-03-26 09:22:46 | INFO     | app.services.stock_service:get_market_overview:439 - 从pytdx获取市场概览成功
2026-03-26 09:22:47 | INFO     | app.services.stock_service:get_market_overview:439 - 从pytdx获取市场概览成功
2026-03-26 09:22:51 | INFO     | app.services.stock_service:get_market_overview:439 - 从pytdx获取市场概览成功
2026-03-26 09:22:56 | INFO     | app.services.stock_service:get_market_overview:439 - 从pytdx获取市场概览成功
2026-03-26 09:22:58 | INFO     | app.services.stock_service:get_market_overview:439 - 从pytdx获取市场概览成功
2026-03-26 09:23:02 | INFO     | app.services.stock_service:get_market_overview:439 - 从pytdx获取市场概览成功
2026-03-26 09:23:03 | INFO     | app.services.stock_service:get_market_overview:439 - 从pytdx获取市场概览成功
2026-03-26 09:23:13 | INFO     | app.services.stock_service:get_market_overview:439 - 从pytdx获取市场概览成功
2026-03-26 09:23:14 | INFO     | app.services.stock_service:get_market_overview:439 - 从pytdx获取市场概览成功
2026-03-26 09:23:16 | INFO     | app.services.stock_service:get_market_overview:439 - 从pytdx获取市场概览成功
2026-03-26 09:23:18 | INFO     | app.services.stock_service:get_market_overview:439 - 从pytdx获取市场概览成功
2026-03-26 09:23:21 | INFO     | app.services.stock_service:get_market_overview:439 - 从pytdx获取市场概览成功
2026-03-26 09:23:26 | INFO     | app.services.stock_service:get_market_overview:439 - 从pytdx获取市场概览成功
2026-03-26 09:23:28 | INFO     | app.services.stock_service:get_market_overview:439 - 从pytdx获取市场概览成功
2026-03-26 09:23:32 | INFO     | app.services.stock_service:get_market_overview:439 - 从pytdx获取市场概览成功
2026-03-26 09:23:33 | INFO     | app.services.stock_service:get_market_overview:439 - 从pytdx获取市场概览成功
2026-03-26 09:23:44 | INFO     | app.services.stock_service:get_market_overview:439 - 从pytdx获取市场概览成功
2026-03-26 09:23:45 | INFO     | app.services.stock_service:get_market_overview:439 - 从pytdx获取市场概览成功
2026-03-26 09:23:46 | INFO     | app.services.stock_service:get_market_overview:439 - 从pytdx获取市场概览成功
2026-03-26 09:23:48 | INFO     | app.services.stock_service:get_market_overview:439 - 从pytdx获取市场概览成功
2026-03-26 09:23:51 | INFO     | app.services.stock_service:get_market_overview:439 - 从pytdx获取市场概览成功
2026-03-26 09:23:53 | INFO     | app.services.stock_service:get_market_overview:439 - 从pytdx获取市场概览成功
2026-03-26 09:23:56 | INFO     | app.services.stock_service:get_stock_list:201 - 从pytdx获取股票列表成功: 5196条
2026-03-26 09:23:56 | INFO     | app.services.screening_engine:screen_stocks:53 - 获取到 5196 只股票
2026-03-26 09:23:56 | INFO     | app.services.screening_engine:screen_stocks:59 - 应用排除规则 exclude_st, 剩余 5017 只
2026-03-26 09:23:56 | INFO     | app.services.screening_engine:screen_stocks:59 - 应用排除规则 market_cap, 剩余 5017 只
2026-03-26 09:23:57 | INFO     | app.services.stock_service:get_market_overview:439 - 从pytdx获取市场概览成功
2026-03-26 09:23:57 | INFO     | app.services.stock_service:get_intraday_data:505 - 从pytdx获取分时数据成功: 000001, 240条
2026-03-26 09:23:58 | INFO     | app.services.stock_service:get_market_overview:439 - 从pytdx获取市场概览成功
2026-03-26 09:24:02 | INFO     | app.services.stock_service:get_market_overview:439 - 从pytdx获取市场概览成功
2026-03-26 09:24:03 | INFO     | app.services.stock_service:get_market_overview:439 - 从pytdx获取市场概览成功
2026-03-26 09:24:10 | INFO     | app.services.stock_service:get_stock_list:201 - 从pytdx获取股票列表成功: 5196条
2026-03-26 09:24:10 | INFO     | app.services.screening_engine:screen_stocks:53 - 获取到 5196 只股票
2026-03-26 09:24:10 | INFO     | app.services.screening_engine:screen_stocks:59 - 应用排除规则 exclude_st, 剩余 5017 只
2026-03-26 09:24:10 | INFO     | app.services.screening_engine:screen_stocks:59 - 应用排除规则 market_cap, 剩余 5017 只
2026-03-26 09:24:11 | INFO     | app.services.stock_service:get_market_overview:439 - 从pytdx获取市场概览成功
2026-03-26 09:24:11 | INFO     | app.services.stock_service:get_intraday_data:505 - 从pytdx获取分时数据成功: 000001, 240条
2026-03-26 09:24:14 | INFO     | app.services.stock_service:get_market_overview:439 - 从pytdx获取市场概览成功
2026-03-26 09:24:14 | INFO     | app.services.stock_service:get_market_overview:439 - 从pytdx获取市场概览成功
2026-03-26 09:24:16 | INFO     | app.services.stock_service:get_market_overview:439 - 从pytdx获取市场概览成功
2026-03-26 09:24:20 | INFO     | app.services.stock_service:get_stock_list:201 - 从pytdx获取股票列表成功: 5196条
2026-03-26 09:24:20 | INFO     | app.services.screening_engine:screen_stocks:53 - 获取到 5196 只股票
2026-03-26 09:24:20 | INFO     | app.services.screening_engine:screen_stocks:59 - 应用排除规则 exclude_st, 剩余 5017 只
2026-03-26 09:24:20 | INFO     | app.services.screening_engine:screen_stocks:59 - 应用排除规则 market_cap, 剩余 5017 只
2026-03-26 09:24:20 | INFO     | app.services.stock_service:get_market_overview:439 - 从pytdx获取市场概览成功
2026-03-26 09:24:21 | INFO     | app.services.stock_service:get_market_overview:439 - 从pytdx获取市场概览成功
2026-03-26 09:24:21 | INFO     | app.services.stock_service:get_intraday_data:505 - 从pytdx获取分时数据成功: 000001, 240条
2026-03-26 09:24:21 | INFO     | app.services.stock_service:get_market_overview:439 - 从pytdx获取市场概览成功
2026-03-26 09:24:23 | INFO     | app.services.stock_service:get_market_overview:439 - 从pytdx获取市场概览成功
2026-03-26 09:24:27 | INFO     | app.services.stock_service:get_stock_list:201 - 从pytdx获取股票列表成功: 5196条
2026-03-26 09:24:27 | INFO     | app.services.screening_engine:screen_stocks:53 - 获取到 5196 只股票
2026-03-26 09:24:27 | INFO     | app.services.screening_engine:screen_stocks:59 - 应用排除规则 exclude_st, 剩余 5017 只
2026-03-26 09:24:27 | INFO     | app.services.screening_engine:screen_stocks:59 - 应用排除规则 market_cap, 剩余 5017 只
2026-03-26 09:24:28 | INFO     | app.services.stock_service:get_market_overview:439 - 从pytdx获取市场概览成功
2026-03-26 09:24:28 | INFO     | app.services.stock_service:get_market_overview:439 - 从pytdx获取市场概览成功
2026-03-26 09:24:28 | INFO     | app.services.stock_service:get_intraday_data:505 - 从pytdx获取分时数据成功: 000001, 240条
2026-03-26 09:24:29 | INFO     | app.services.stock_service:get_market_overview:439 - 从pytdx获取市场概览成功
2026-03-26 09:24:32 | INFO     | app.services.stock_service:get_market_overview:439 - 从pytdx获取市场概览成功
2026-03-26 09:24:36 | INFO     | app.services.stock_service:get_stock_list:201 - 从pytdx获取股票列表成功: 5196条
2026-03-26 09:24:36 | INFO     | app.services.screening_engine:screen_stocks:53 - 获取到 5196 只股票
2026-03-26 09:24:36 | INFO     | app.services.screening_engine:screen_stocks:59 - 应用排除规则 exclude_st, 剩余 5017 只
2026-03-26 09:24:36 | INFO     | app.services.screening_engine:screen_stocks:59 - 应用排除规则 market_cap, 剩余 5017 只
2026-03-26 09:24:36 | INFO     | app.services.stock_service:get_market_overview:439 - 从pytdx获取市场概览成功
2026-03-26 09:24:36 | INFO     | app.services.stock_service:get_intraday_data:505 - 从pytdx获取分时数据成功: 000001, 240条
2026-03-26 09:24:37 | INFO     | app.services.stock_service:get_market_overview:439 - 从pytdx获取市场概览成功
2026-03-26 09:24:38 | INFO     | app.services.stock_service:get_market_overview:439 - 从pytdx获取市场概览成功
2026-03-26 09:24:43 | INFO     | app.services.stock_service:get_stock_list:201 - 从pytdx获取股票列表成功: 5196条
2026-03-26 09:24:43 | INFO     | app.services.screening_engine:screen_stocks:53 - 获取到 5196 只股票
2026-03-26 09:24:43 | INFO     | app.services.screening_engine:screen_stocks:59 - 应用排除规则 exclude_st, 剩余 5017 只
2026-03-26 09:24:43 | INFO     | app.services.screening_engine:screen_stocks:59 - 应用排除规则 market_cap, 剩余 5017 只
2026-03-26 09:24:44 | INFO     | app.services.stock_service:get_market_overview:439 - 从pytdx获取市场概览成功
2026-03-26 09:24:44 | INFO     | app.services.stock_service:get_intraday_data:505 - 从pytdx获取分时数据成功: 000001, 240条
2026-03-26 09:24:44 | INFO     | app.services.stock_service:get_market_overview:439 - 从pytdx获取市场概览成功
2026-03-26 09:24:45 | INFO     | app.services.stock_service:get_market_overview:439 - 从pytdx获取市场概览成功
2026-03-26 09:24:46 | INFO     | app.services.stock_service:get_market_overview:439 - 从pytdx获取市场概览成功
2026-03-26 09:24:48 | INFO     | app.services.stock_service:get_market_overview:439 - 从pytdx获取市场概览成功
2026-03-26 09:24:49 | INFO     | app.services.stock_service:get_market_overview:439 - 从pytdx获取市场概览成功
2026-03-26 09:24:51 | INFO     | app.services.stock_service:get_market_overview:439 - 从pytdx获取市场概览成功
2026-03-26 09:24:53 | INFO     | app.services.stock_service:get_market_overview:439 - 从pytdx获取市场概览成功
2026-03-26 09:24:55 | INFO     | app.services.stock_service:get_market_overview:439 - 从pytdx获取市场概览成功
2026-03-26 09:24:56 | INFO     | app.services.stock_service:get_market_overview:439 - 从pytdx获取市场概览成功
2026-03-26 09:24:58 | INFO     | app.services.stock_service:get_market_overview:439 - 从pytdx获取市场概览成功
2026-03-26 09:25:02 | INFO     | app.services.stock_service:get_market_overview:439 - 从pytdx获取市场概览成功
2026-03-26 09:25:03 | INFO     | app.services.stock_service:get_market_overview:439 - 从pytdx获取市场概览成功
2026-03-26 09:25:04 | INFO     | app.services.stock_service:get_market_overview:439 - 从pytdx获取市场概览成功
2026-03-26 09:25:11 | INFO     | app.services.stock_service:get_stock_list:201 - 从pytdx获取股票列表成功: 5196条
2026-03-26 09:25:11 | INFO     | app.services.screening_engine:screen_stocks:53 - 获取到 5196 只股票
2026-03-26 09:25:11 | INFO     | app.services.screening_engine:screen_stocks:59 - 应用排除规则 exclude_st, 剩余 5017 只
2026-03-26 09:25:11 | INFO     | app.services.screening_engine:screen_stocks:59 - 应用排除规则 market_cap, 剩余 5017 只
2026-03-26 09:25:11 | INFO     | app.services.stock_service:get_market_overview:439 - 从pytdx获取市场概览成功
2026-03-26 09:25:11 | INFO     | app.services.stock_service:get_intraday_data:505 - 从pytdx获取分时数据成功: 000001, 240条
2026-03-26 09:25:12 | INFO     | app.services.stock_service:get_market_overview:439 - 从pytdx获取市场概览成功
2026-03-26 09:25:12 | INFO     | app.services.stock_service:get_market_overview:439 - 从pytdx获取市场概览成功
2026-03-26 09:25:14 | INFO     | app.services.stock_service:get_market_overview:439 - 从pytdx获取市场概览成功
2026-03-26 09:25:15 | INFO     | app.services.stock_service:get_market_overview:439 - 从pytdx获取市场概览成功
2026-03-26 09:25:16 | INFO     | app.services.stock_service:get_market_overview:439 - 从pytdx获取市场概览成功
2026-03-26 09:25:18 | INFO     | app.services.stock_service:get_market_overview:439 - 从pytdx获取市场概览成功
2026-03-26 09:25:19 | INFO     | app.services.stock_service:get_market_overview:439 - 从pytdx获取市场概览成功
2026-03-26 09:25:21 | INFO     | app.services.stock_service:get_market_overview:439 - 从pytdx获取市场概览成功
2026-03-26 09:25:23 | INFO     | app.services.stock_service:get_market_overview:439 - 从pytdx获取市场概览成功
2026-03-26 09:25:25 | INFO     | app.services.stock_service:get_market_overview:439 - 从pytdx获取市场概览成功
2026-03-26 09:25:26 | INFO     | app.services.stock_service:get_market_overview:439 - 从pytdx获取市场概览成功
2026-03-26 09:25:28 | INFO     | app.services.stock_service:get_market_overview:439 - 从pytdx获取市场概览成功
2026-03-26 09:25:32 | INFO     | app.services.stock_service:get_market_overview:439 - 从pytdx获取市场概览成功
2026-03-26 09:25:35 | INFO     | app.services.stock_service:get_stock_list:201 - 从pytdx获取股票列表成功: 5196条
2026-03-26 09:25:35 | INFO     | app.services.screening_engine:screen_stocks:53 - 获取到 5196 只股票
2026-03-26 09:25:35 | INFO     | app.services.screening_engine:screen_stocks:59 - 应用排除规则 exclude_st, 剩余 5017 只
2026-03-26 09:25:35 | INFO     | app.services.screening_engine:screen_stocks:59 - 应用排除规则 market_cap, 剩余 5017 只
2026-03-26 09:25:36 | INFO     | app.services.stock_service:get_market_overview:439 - 从pytdx获取市场概览成功
2026-03-26 09:25:36 | INFO     | app.services.stock_service:get_intraday_data:505 - 从pytdx获取分时数据成功: 000001, 240条
2026-03-26 09:25:36 | INFO     | app.services.stock_service:get_market_overview:439 - 从pytdx获取市场概览成功
2026-03-26 09:25:37 | INFO     | app.services.stock_service:get_market_overview:439 - 从pytdx获取市场概览成功
2026-03-26 09:25:38 | INFO     | app.services.stock_service:get_market_overview:439 - 从pytdx获取市场概览成功
2026-03-26 09:25:39 | INFO     | app.services.stock_service:get_market_overview:439 - 从pytdx获取市场概览成功
2026-03-26 09:25:41 | INFO     | app.services.stock_service:get_market_overview:439 - 从pytdx获取市场概览成功
2026-03-26 09:25:48 | INFO     | app.services.stock_service:get_market_overview:439 - 从pytdx获取市场概览成功
2026-03-26 09:25:53 | INFO     | app.services.stock_service:get_market_overview:439 - 从pytdx获取市场概览成功
2026-03-26 09:25:55 | INFO     | app.services.stock_service:get_market_overview:439 - 从pytdx获取市场概览成功
2026-03-26 09:26:03 | INFO     | app.services.stock_service:get_market_overview:439 - 从pytdx获取市场概览成功
2026-03-26 09:26:04 | INFO     | app.services.stock_service:get_market_overview:439 - 从pytdx获取市场概览成功
2026-03-26 09:26:08 | INFO     | app.services.stock_service:get_market_overview:439 - 从pytdx获取市场概览成功
2026-03-26 09:26:09 | INFO     | app.services.stock_service:get_market_overview:439 - 从pytdx获取市场概览成功
2026-03-26 09:26:11 | INFO     | app.services.stock_service:get_market_overview:439 - 从pytdx获取市场概览成功
2026-03-26 09:26:18 | INFO     | app.services.stock_service:get_market_overview:439 - 从pytdx获取市场概览成功
2026-03-26 09:26:23 | INFO     | app.services.stock_service:get_market_overview:439 - 从pytdx获取市场概览成功
2026-03-26 09:26:25 | INFO     | app.services.stock_service:get_market_overview:439 - 从pytdx获取市场概览成功
2026-03-26 09:26:33 | INFO     | app.services.stock_service:get_market_overview:439 - 从pytdx获取市场概览成功
2026-03-26 09:26:34 | INFO     | app.services.stock_service:get_market_overview:439 - 从pytdx获取市场概览成功
2026-03-26 09:26:38 | INFO     | app.services.stock_service:get_market_overview:439 - 从pytdx获取市场概览成功
2026-03-26 09:26:39 | INFO     | app.services.stock_service:get_market_overview:439 - 从pytdx获取市场概览成功
2026-03-26 09:26:41 | INFO     | app.services.stock_service:get_market_overview:439 - 从pytdx获取市场概览成功
2026-03-26 09:26:42 | INFO     | app.services.stock_service:get_market_overview:439 - 从pytdx获取市场概览成功
2026-03-26 09:26:42 | INFO     | app.services.stock_service:get_market_overview:439 - 从pytdx获取市场概览成功
2026-03-26 09:26:43 | INFO     | app.services.stock_service:get_market_overview:439 - 从pytdx获取市场概览成功
2026-03-26 09:26:43 | INFO     | app.services.stock_service:get_market_overview:439 - 从pytdx获取市场概览成功
2026-03-26 09:26:44 | INFO     | app.services.stock_service:get_market_overview:439 - 从pytdx获取市场概览成功
2026-03-26 09:26:44 | INFO     | app.services.stock_service:get_market_overview:439 - 从pytdx获取市场概览成功
2026-03-26 09:26:45 | INFO     | app.services.stock_service:get_market_overview:439 - 从pytdx获取市场概览成功
2026-03-26 09:26:45 | INFO     | app.services.stock_service:get_market_overview:439 - 从pytdx获取市场概览成功
2026-03-26 09:26:46 | INFO     | app.services.stock_service:get_market_overview:439 - 从pytdx获取市场概览成功
2026-03-26 09:26:48 | INFO     | app.services.stock_service:get_market_overview:439 - 从pytdx获取市场概览成功
2026-03-26 09:26:49 | INFO     | app.services.stock_service:get_market_overview:439 - 从pytdx获取市场概览成功
2026-03-26 09:26:49 | INFO     | app.services.stock_service:get_market_overview:439 - 从pytdx获取市场概览成功
2026-03-26 09:26:50 | INFO     | app.services.stock_service:get_market_overview:439 - 从pytdx获取市场概览成功
2026-03-26 09:26:50 | INFO     | app.services.stock_service:get_market_overview:439 - 从pytdx获取市场概览成功
2026-03-26 09:26:51 | INFO     | app.services.stock_service:get_market_overview:439 - 从pytdx获取市场概览成功
2026-03-26 09:26:53 | INFO     | app.services.stock_service:get_market_overview:439 - 从pytdx获取市场概览成功
2026-03-26 09:26:54 | INFO     | app.services.stock_service:get_kline_data:331 - 从pytdx获取K线数据成功: 000001, 60条
2026-03-26 09:26:55 | INFO     | app.services.stock_service:get_market_overview:439 - 从pytdx获取市场概览成功
2026-03-26 09:26:56 | INFO     | app.services.stock_service:get_market_overview:439 - 从pytdx获取市场概览成功
2026-03-26 09:26:58 | INFO     | app.services.stock_service:get_market_overview:439 - 从pytdx获取市场概览成功
2026-03-26 09:27:00 | INFO     | app.services.stock_service:get_kline_data:331 - 从pytdx获取K线数据成功: 000001, 60条
2026-03-26 09:27:02 | INFO     | app.services.stock_service:get_market_overview:439 - 从pytdx获取市场概览成功
2026-03-26 09:27:03 | INFO     | app.services.stock_service:get_market_overview:439 - 从pytdx获取市场概览成功
2026-03-26 09:27:03 | INFO     | app.services.stock_service:get_market_overview:439 - 从pytdx获取市场概览成功
2026-03-26 09:27:04 | INFO     | app.services.stock_service:get_market_overview:439 - 从pytdx获取市场概览成功
2026-03-26 09:27:08 | INFO     | app.services.stock_service:get_market_overview:439 - 从pytdx获取市场概览成功
2026-03-26 09:27:08 | INFO     | app.services.stock_service:get_market_overview:439 - 从pytdx获取市场概览成功
2026-03-26 09:27:11 | INFO     | app.services.stock_service:get_market_overview:439 - 从pytdx获取市场概览成功
2026-03-26 09:27:14 | INFO     | app.services.stock_service:get_market_overview:439 - 从pytdx获取市场概览成功
2026-03-26 09:27:15 | INFO     | app.services.stock_service:get_market_overview:439 - 从pytdx获取市场概览成功
2026-03-26 09:27:16 | INFO     | app.services.stock_service:get_market_overview:439 - 从pytdx获取市场概览成功
2026-03-26 09:27:17 | INFO     | app.services.stock_service:get_market_overview:439 - 从pytdx获取市场概览成功
2026-03-26 09:27:18 | INFO     | app.services.stock_service:get_market_overview:439 - 从pytdx获取市场概览成功
2026-03-26 09:27:21 | INFO     | app.services.stock_service:get_market_overview:439 - 从pytdx获取市场概览成功
2026-03-26 09:27:23 | INFO     | app.services.stock_service:get_market_overview:439 - 从pytdx获取市场概览成功
2026-03-26 09:27:25 | INFO     | app.services.stock_service:get_market_overview:439 - 从pytdx获取市场概览成功
2026-03-26 09:27:26 | INFO     | app.services.stock_service:get_market_overview:439 - 从pytdx获取市场概览成功
2026-03-26 09:27:28 | INFO     | app.services.stock_service:get_market_overview:439 - 从pytdx获取市场概览成功
2026-03-26 09:27:32 | INFO     | app.services.stock_service:get_market_overview:439 - 从pytdx获取市场概览成功
2026-03-26 09:27:33 | INFO     | app.services.stock_service:get_market_overview:439 - 从pytdx获取市场概览成功
2026-03-26 09:27:33 | INFO     | app.services.stock_service:get_market_overview:439 - 从pytdx获取市场概览成功
2026-03-26 09:27:34 | INFO     | app.services.stock_service:get_market_overview:439 - 从pytdx获取市场概览成功
2026-03-26 09:27:40 | INFO     | app.services.stock_service:get_stock_list:201 - 从pytdx获取股票列表成功: 5196条
2026-03-26 09:27:40 | INFO     | app.services.screening_engine:screen_stocks:53 - 获取到 5196 只股票
2026-03-26 09:27:40 | INFO     | app.services.screening_engine:screen_stocks:59 - 应用排除规则 exclude_st, 剩余 5017 只
2026-03-26 09:27:40 | INFO     | app.services.screening_engine:screen_stocks:59 - 应用排除规则 market_cap, 剩余 5017 只
2026-03-26 09:27:41 | INFO     | app.services.stock_service:get_market_overview:439 - 从pytdx获取市场概览成功
2026-03-26 09:27:41 | INFO     | app.services.stock_service:get_intraday_data:505 - 从pytdx获取分时数据成功: 000001, 240条
2026-03-26 09:27:44 | INFO     | app.services.stock_service:get_kline_data:331 - 从pytdx获取K线数据成功: 000001, 60条
2026-03-26 09:27:46 | INFO     | app.services.stock_service:get_kline_data:331 - 从pytdx获取K线数据成功: 000001, 60条
2026-03-26 09:28:08 | INFO     | app.services.stock_service:get_market_overview:439 - 从pytdx获取市场概览成功
2026-03-26 09:28:32 | INFO     | app.services.stock_service:get_intraday_data:505 - 从pytdx获取分时数据成功: 000001, 240条
2026-03-26 09:28:38 | INFO     | app.services.stock_service:get_market_overview:439 - 从pytdx获取市场概览成功
2026-03-26 09:28:50 | INFO     | app.services.stock_service:get_market_overview:439 - 从pytdx获取市场概览成功
2026-03-26 09:28:53 | INFO     | app.services.stock_service:get_stock_list:201 - 从pytdx获取股票列表成功: 5196条
2026-03-26 09:28:53 | INFO     | app.services.screening_engine:screen_stocks:53 - 获取到 5196 只股票
2026-03-26 09:28:53 | INFO     | app.services.screening_engine:screen_stocks:59 - 应用排除规则 exclude_st, 剩余 5017 只
2026-03-26 09:28:53 | INFO     | app.services.screening_engine:screen_stocks:59 - 应用排除规则 market_cap, 剩余 5017 只
2026-03-26 09:28:53 | INFO     | app.services.stock_service:get_intraday_data:505 - 从pytdx获取分时数据成功: 000001, 240条
2026-03-26 09:29:04 | INFO     | app.services.stock_service:get_market_overview:439 - 从pytdx获取市场概览成功
2026-03-26 09:29:07 | INFO     | app.services.stock_service:get_stock_list:201 - 从pytdx获取股票列表成功: 5196条
2026-03-26 09:29:07 | INFO     | app.services.screening_engine:screen_stocks:53 - 获取到 5196 只股票
2026-03-26 09:29:07 | INFO     | app.services.screening_engine:screen_stocks:59 - 应用排除规则 exclude_st, 剩余 5017 只
2026-03-26 09:29:07 | INFO     | app.services.screening_engine:screen_stocks:59 - 应用排除规则 market_cap, 剩余 5017 只
2026-03-26 09:29:08 | INFO     | app.services.stock_service:get_intraday_data:505 - 从pytdx获取分时数据成功: 000001, 240条
2026-03-26 09:29:08 | INFO     | app.services.stock_service:get_market_overview:439 - 从pytdx获取市场概览成功
2026-03-26 09:29:20 | INFO     | app.services.stock_service:get_market_overview:439 - 从pytdx获取市场概览成功
2026-03-26 09:29:24 | INFO     | app.services.stock_service:get_stock_list:201 - 从pytdx获取股票列表成功: 5196条
2026-03-26 09:29:24 | INFO     | app.services.screening_engine:screen_stocks:53 - 获取到 5196 只股票
2026-03-26 09:29:24 | INFO     | app.services.screening_engine:screen_stocks:59 - 应用排除规则 exclude_st, 剩余 5017 只
2026-03-26 09:29:24 | INFO     | app.services.screening_engine:screen_stocks:59 - 应用排除规则 market_cap, 剩余 5017 只
2026-03-26 09:29:25 | INFO     | app.services.stock_service:get_market_overview:439 - 从pytdx获取市场概览成功
2026-03-26 09:29:25 | INFO     | app.services.stock_service:get_intraday_data:505 - 从pytdx获取分时数据成功: 000001, 240条
2026-03-26 09:29:34 | INFO     | app.services.stock_service:get_market_overview:439 - 从pytdx获取市场概览成功
2026-03-26 09:29:37 | INFO     | app.services.stock_service:get_stock_list:201 - 从pytdx获取股票列表成功: 5196条
2026-03-26 09:29:37 | INFO     | app.services.screening_engine:screen_stocks:53 - 获取到 5196 只股票
2026-03-26 09:29:37 | INFO     | app.services.screening_engine:screen_stocks:59 - 应用排除规则 exclude_st, 剩余 5017 只
2026-03-26 09:29:37 | INFO     | app.services.screening_engine:screen_stocks:59 - 应用排除规则 market_cap, 剩余 5017 只
2026-03-26 09:29:38 | INFO     | app.services.stock_service:get_market_overview:439 - 从pytdx获取市场概览成功
2026-03-26 09:29:38 | INFO     | app.services.stock_service:get_intraday_data:505 - 从pytdx获取分时数据成功: 000001, 240条
2026-03-26 09:29:38 | INFO     | app.services.stock_service:get_market_overview:439 - 从pytdx获取市场概览成功
2026-03-26 09:29:44 | INFO     | app.services.stock_service:get_market_overview:439 - 从pytdx获取市场概览成功
2026-03-26 09:29:50 | INFO     | app.services.stock_service:get_stock_list:201 - 从pytdx获取股票列表成功: 5196条
2026-03-26 09:29:50 | INFO     | app.services.screening_engine:screen_stocks:53 - 获取到 5196 只股票
2026-03-26 09:29:50 | INFO     | app.services.screening_engine:screen_stocks:59 - 应用排除规则 exclude_st, 剩余 5017 只
2026-03-26 09:29:50 | INFO     | app.services.screening_engine:screen_stocks:59 - 应用排除规则 market_cap, 剩余 5017 只
2026-03-26 09:29:51 | INFO     | app.services.stock_service:get_market_overview:439 - 从pytdx获取市场概览成功
2026-03-26 09:29:51 | INFO     | app.services.stock_service:get_intraday_data:505 - 从pytdx获取分时数据成功: 000001, 240条
2026-03-26 09:29:52 | INFO     | app.services.stock_service:get_market_overview:439 - 从pytdx获取市场概览成功
2026-03-26 09:29:53 | INFO     | app.services.stock_service:get_market_overview:439 - 从pytdx获取市场概览成功
2026-03-26 09:29:56 | INFO     | app.services.stock_service:get_stock_list:201 - 从pytdx获取股票列表成功: 5196条
2026-03-26 09:29:56 | INFO     | app.services.screening_engine:screen_stocks:53 - 获取到 5196 只股票
2026-03-26 09:29:56 | INFO     | app.services.screening_engine:screen_stocks:59 - 应用排除规则 exclude_st, 剩余 5017 只
2026-03-26 09:29:56 | INFO     | app.services.screening_engine:screen_stocks:59 - 应用排除规则 market_cap, 剩余 5017 只
2026-03-26 09:29:56 | INFO     | app.services.stock_service:get_intraday_data:505 - 从pytdx获取分时数据成功: 000001, 240条
2026-03-26 09:30:04 | INFO     | app.services.stock_service:get_market_overview:439 - 从pytdx获取市场概览成功
2026-03-26 09:30:05 | INFO     | app.services.stock_service:get_market_overview:439 - 从pytdx获取市场概览成功
2026-03-26 09:30:08 | INFO     | app.services.stock_service:get_market_overview:439 - 从pytdx获取市场概览成功
2026-03-26 09:30:14 | INFO     | app.services.stock_service:get_market_overview:439 - 从pytdx获取市场概览成功
2026-03-26 09:30:20 | INFO     | app.services.stock_service:get_market_overview:439 - 从pytdx获取市场概览成功
2026-03-26 09:30:21 | INFO     | app.services.stock_service:get_market_overview:439 - 从pytdx获取市场概览成功
2026-03-26 09:30:24 | INFO     | app.services.stock_service:get_market_overview:439 - 从pytdx获取市场概览成功
2026-03-26 09:30:34 | INFO     | app.services.stock_service:get_market_overview:439 - 从pytdx获取市场概览成功
2026-03-26 09:30:35 | INFO     | app.services.stock_service:get_market_overview:439 - 从pytdx获取市场概览成功
2026-03-26 09:30:38 | INFO     | app.services.stock_service:get_market_overview:439 - 从pytdx获取市场概览成功
2026-03-26 09:30:44 | INFO     | app.services.stock_service:get_market_overview:439 - 从pytdx获取市场概览成功
2026-03-26 09:30:50 | INFO     | app.services.stock_service:get_market_overview:439 - 从pytdx获取市场概览成功
2026-03-26 09:30:51 | INFO     | app.services.stock_service:get_market_overview:439 - 从pytdx获取市场概览成功
2026-03-26 09:30:54 | INFO     | app.services.stock_service:get_market_overview:439 - 从pytdx获取市场概览成功
2026-03-26 09:31:04 | INFO     | app.services.stock_service:get_market_overview:439 - 从pytdx获取市场概览成功
2026-03-26 09:31:05 | INFO     | app.services.stock_service:get_market_overview:439 - 从pytdx获取市场概览成功
2026-03-26 09:31:14 | INFO     | app.services.stock_service:get_market_overview:439 - 从pytdx获取市场概览成功
2026-03-26 09:31:20 | INFO     | app.services.stock_service:get_market_overview:439 - 从pytdx获取市场概览成功
2026-03-26 09:31:21 | INFO     | app.services.stock_service:get_market_overview:439 - 从pytdx获取市场概览成功
2026-03-26 09:31:24 | INFO     | app.services.stock_service:get_market_overview:439 - 从pytdx获取市场概览成功
2026-03-26 09:31:34 | INFO     | app.services.stock_service:get_market_overview:439 - 从pytdx获取市场概览成功
2026-03-26 09:31:35 | INFO     | app.services.stock_service:get_market_overview:439 - 从pytdx获取市场概览成功
2026-03-26 09:31:40 | INFO     | app.services.stock_service:get_market_overview:439 - 从pytdx获取市场概览成功
2026-03-26 09:31:42 | INFO     | app.services.stock_service:get_kline_data:331 - 从pytdx获取K线数据成功: 000001, 60条
2026-03-26 09:31:44 | INFO     | app.services.stock_service:get_market_overview:439 - 从pytdx获取市场概览成功
2026-03-26 09:31:50 | INFO     | app.services.stock_service:get_stock_list:201 - 从pytdx获取股票列表成功: 5196条
2026-03-26 09:31:50 | INFO     | app.services.screening_engine:screen_stocks:53 - 获取到 5196 只股票
2026-03-26 09:31:50 | INFO     | app.services.screening_engine:screen_stocks:59 - 应用排除规则 exclude_st, 剩余 5017 只
2026-03-26 09:31:50 | INFO     | app.services.screening_engine:screen_stocks:59 - 应用排除规则 market_cap, 剩余 5017 只
2026-03-26 09:31:51 | INFO     | app.services.stock_service:get_market_overview:439 - 从pytdx获取市场概览成功
2026-03-26 09:31:51 | INFO     | app.services.stock_service:get_intraday_data:505 - 从pytdx获取分时数据成功: 000001, 240条
2026-03-26 09:31:52 | INFO     | app.services.stock_service:get_kline_data:331 - 从pytdx获取K线数据成功: 000001, 60条
2026-03-26 09:32:18 | INFO     | app.services.stock_service:get_market_overview:439 - 从pytdx获取市场概览成功
2026-03-26 09:32:48 | INFO     | app.services.stock_service:get_market_overview:439 - 从pytdx获取市场概览成功
2026-03-26 09:33:18 | INFO     | app.services.stock_service:get_market_overview:439 - 从pytdx获取市场概览成功
2026-03-26 09:33:24 | INFO     | app.services.stock_service:get_market_overview:439 - 从pytdx获取市场概览成功
2026-03-26 09:33:27 | INFO     | app.services.stock_service:get_stock_list:201 - 从pytdx获取股票列表成功: 5196条
2026-03-26 09:33:27 | INFO     | app.services.screening_engine:screen_stocks:53 - 获取到 5196 只股票
2026-03-26 09:33:27 | INFO     | app.services.screening_engine:screen_stocks:59 - 应用排除规则 exclude_st, 剩余 5017 只
2026-03-26 09:33:27 | INFO     | app.services.screening_engine:screen_stocks:59 - 应用排除规则 market_cap, 剩余 5017 只
2026-03-26 09:33:27 | INFO     | app.services.stock_service:get_intraday_data:505 - 从pytdx获取分时数据成功: 000001, 240条
2026-03-26 09:33:37 | INFO     | app.services.stock_service:get_stock_list:201 - 从pytdx获取股票列表成功: 5196条
2026-03-26 09:33:37 | INFO     | app.services.screening_engine:screen_stocks:53 - 获取到 5196 只股票
2026-03-26 09:33:37 | INFO     | app.services.screening_engine:screen_stocks:59 - 应用排除规则 exclude_st, 剩余 5017 只
2026-03-26 09:33:37 | INFO     | app.services.screening_engine:screen_stocks:59 - 应用排除规则 market_cap, 剩余 5017 只
2026-03-26 09:33:38 | INFO     | app.services.stock_service:get_market_overview:439 - 从pytdx获取市场概览成功
2026-03-26 09:33:38 | INFO     | app.services.stock_service:get_intraday_data:505 - 从pytdx获取分时数据成功: 000001, 240条
2026-03-26 09:33:46 | INFO     | app.services.stock_service:get_stock_list:201 - 从pytdx获取股票列表成功: 5196条
2026-03-26 09:33:46 | INFO     | app.services.screening_engine:screen_stocks:53 - 获取到 5196 只股票
2026-03-26 09:33:46 | INFO     | app.services.screening_engine:screen_stocks:59 - 应用排除规则 exclude_st, 剩余 5017 只
2026-03-26 09:33:46 | INFO     | app.services.screening_engine:screen_stocks:59 - 应用排除规则 market_cap, 剩余 5017 只
2026-03-26 09:33:47 | INFO     | app.services.stock_service:get_market_overview:439 - 从pytdx获取市场概览成功
2026-03-26 09:33:47 | INFO     | app.services.stock_service:get_intraday_data:505 - 从pytdx获取分时数据成功: 000001, 240条
2026-03-26 09:33:48 | INFO     | app.services.stock_service:get_market_overview:439 - 从pytdx获取市场概览成功
2026-03-26 09:33:54 | INFO     | app.services.stock_service:get_market_overview:439 - 从pytdx获取市场概览成功
2026-03-26 09:33:58 | INFO     | app.services.stock_service:get_market_overview:439 - 从pytdx获取市场概览成功
2026-03-26 09:34:01 | INFO     | app.services.stock_service:get_stock_list:201 - 从pytdx获取股票列表成功: 5196条
2026-03-26 09:34:01 | INFO     | app.services.screening_engine:screen_stocks:53 - 获取到 5196 只股票
2026-03-26 09:34:01 | INFO     | app.services.screening_engine:screen_stocks:59 - 应用排除规则 exclude_st, 剩余 5017 只
2026-03-26 09:34:01 | INFO     | app.services.screening_engine:screen_stocks:59 - 应用排除规则 market_cap, 剩余 5017 只
2026-03-26 09:34:01 | INFO     | app.services.stock_service:get_intraday_data:505 - 从pytdx获取分时数据成功: 000001, 240条
2026-03-26 09:34:05 | INFO     | app.services.stock_service:get_market_overview:439 - 从pytdx获取市场概览成功
2026-03-26 09:34:14 | INFO     | app.services.stock_service:get_market_overview:439 - 从pytdx获取市场概览成功
2026-03-26 09:34:18 | INFO     | app.services.stock_service:get_market_overview:439 - 从pytdx获取市场概览成功
2026-03-26 09:34:24 | INFO     | app.services.stock_service:get_market_overview:439 - 从pytdx获取市场概览成功
2026-03-26 09:34:28 | INFO     | app.services.stock_service:get_market_overview:439 - 从pytdx获取市场概览成功
2026-03-26 09:34:35 | INFO     | app.services.stock_service:get_market_overview:439 - 从pytdx获取市场概览成功
2026-03-26 09:34:44 | INFO     | app.services.stock_service:get_market_overview:439 - 从pytdx获取市场概览成功
2026-03-26 09:34:48 | INFO     | app.services.stock_service:get_market_overview:439 - 从pytdx获取市场概览成功
2026-03-26 09:34:54 | INFO     | app.services.stock_service:get_market_overview:439 - 从pytdx获取市场概览成功
2026-03-26 09:34:58 | INFO     | app.services.stock_service:get_market_overview:439 - 从pytdx获取市场概览成功
2026-03-26 09:35:05 | INFO     | app.services.stock_service:get_market_overview:439 - 从pytdx获取市场概览成功
2026-03-26 09:35:14 | INFO     | app.services.stock_service:get_market_overview:439 - 从pytdx获取市场概览成功
2026-03-26 09:35:24 | INFO     | app.services.stock_service:get_market_overview:439 - 从pytdx获取市场概览成功
2026-03-26 09:35:28 | INFO     | app.services.stock_service:get_market_overview:439 - 从pytdx获取市场概览成功
2026-03-26 09:35:35 | INFO     | app.services.stock_service:get_market_overview:439 - 从pytdx获取市场概览成功
2026-03-26 09:35:41 | INFO     | app.services.stock_service:get_market_overview:439 - 从pytdx获取市场概览成功
2026-03-26 09:35:44 | INFO     | app.services.stock_service:get_market_overview:439 - 从pytdx获取市场概览成功
2026-03-26 09:35:54 | INFO     | app.services.stock_service:get_market_overview:439 - 从pytdx获取市场概览成功
2026-03-26 09:35:58 | INFO     | app.services.stock_service:get_market_overview:439 - 从pytdx获取市场概览成功
2026-03-26 09:36:05 | INFO     | app.services.stock_service:get_market_overview:439 - 从pytdx获取市场概览成功
2026-03-26 09:36:14 | INFO     | app.services.stock_service:get_market_overview:439 - 从pytdx获取市场概览成功
2026-03-26 09:36:24 | INFO     | app.services.stock_service:get_market_overview:439 - 从pytdx获取市场概览成功
2026-03-26 09:36:28 | INFO     | app.services.stock_service:get_market_overview:439 - 从pytdx获取市场概览成功
2026-03-26 09:36:35 | INFO     | app.services.stock_service:get_market_overview:439 - 从pytdx获取市场概览成功
2026-03-26 09:36:41 | INFO     | app.services.stock_service:get_market_overview:439 - 从pytdx获取市场概览成功
2026-03-26 09:36:44 | INFO     | app.services.stock_service:get_market_overview:439 - 从pytdx获取市场概览成功
2026-03-26 09:36:58 | INFO     | app.services.stock_service:get_market_overview:439 - 从pytdx获取市场概览成功
2026-03-26 09:37:41 | INFO     | app.services.stock_service:get_market_overview:439 - 从pytdx获取市场概览成功
2026-03-26 09:37:42 | INFO     | app.services.stock_service:get_market_overview:439 - 从pytdx获取市场概览成功
2026-03-26 09:37:42 | INFO     | app.services.stock_service:get_market_overview:439 - 从pytdx获取市场概览成功
2026-03-26 09:37:43 | INFO     | app.services.stock_service:get_market_overview:439 - 从pytdx获取市场概览成功
2026-03-26 09:37:44 | INFO     | app.services.stock_service:get_market_overview:439 - 从pytdx获取市场概览成功
2026-03-26 09:38:41 | INFO     | app.services.stock_service:get_market_overview:439 - 从pytdx获取市场概览成功
2026-03-26 09:38:42 | INFO     | app.services.stock_service:get_market_overview:439 - 从pytdx获取市场概览成功
2026-03-26 09:38:42 | INFO     | app.services.stock_service:get_market_overview:439 - 从pytdx获取市场概览成功
2026-03-26 09:38:43 | INFO     | app.services.stock_service:get_market_overview:439 - 从pytdx获取市场概览成功
2026-03-26 09:38:44 | INFO     | app.services.stock_service:get_market_overview:439 - 从pytdx获取市场概览成功
2026-03-26 09:38:58 | INFO     | app.services.stock_service:get_market_overview:439 - 从pytdx获取市场概览成功
2026-03-26 09:38:59 | INFO     | app.services.stock_service:get_market_overview:439 - 从pytdx获取市场概览成功
2026-03-26 09:38:59 | INFO     | app.services.stock_service:get_market_overview:439 - 从pytdx获取市场概览成功
2026-03-26 09:39:00 | INFO     | app.services.stock_service:get_market_overview:439 - 从pytdx获取市场概览成功
2026-03-26 09:39:04 | INFO     | app.services.stock_service:get_stock_list:201 - 从pytdx获取股票列表成功: 5196条
2026-03-26 09:39:04 | INFO     | app.services.screening_engine:screen_stocks:53 - 获取到 5196 只股票
2026-03-26 09:39:04 | INFO     | app.services.screening_engine:screen_stocks:59 - 应用排除规则 exclude_st, 剩余 5017 只
2026-03-26 09:39:04 | INFO     | app.services.screening_engine:screen_stocks:59 - 应用排除规则 market_cap, 剩余 5017 只
2026-03-26 09:39:05 | INFO     | app.services.stock_service:get_market_overview:439 - 从pytdx获取市场概览成功
2026-03-26 09:39:05 | INFO     | app.services.stock_service:get_intraday_data:505 - 从pytdx获取分时数据成功: 000001, 240条
2026-03-26 09:39:10 | INFO     | app.services.stock_service:get_kline_data:331 - 从pytdx获取K线数据成功: 000001, 60条
2026-03-26 09:39:13 | INFO     | app.services.stock_service:get_kline_data:331 - 从pytdx获取K线数据成功: 000001, 60条
2026-03-26 09:39:31 | INFO     | app.services.stock_service:get_market_overview:439 - 从pytdx获取市场概览成功
2026-03-26 09:40:02 | INFO     | app.services.stock_service:get_market_overview:439 - 从pytdx获取市场概览成功
2026-03-26 09:40:32 | INFO     | app.services.stock_service:get_market_overview:439 - 从pytdx获取市场概览成功
2026-03-26 09:40:40 | INFO     | app.services.stock_service:get_stock_list:201 - 从pytdx获取股票列表成功: 5196条
2026-03-26 09:40:40 | INFO     | app.services.screening_engine:screen_stocks:53 - 获取到 5196 只股票
2026-03-26 09:40:40 | INFO     | app.services.screening_engine:screen_stocks:59 - 应用排除规则 exclude_st, 剩余 5017 只
2026-03-26 09:40:40 | INFO     | app.services.screening_engine:screen_stocks:59 - 应用排除规则 market_cap, 剩余 5017 只
2026-03-26 09:40:41 | INFO     | app.services.stock_service:get_market_overview:439 - 从pytdx获取市场概览成功
2026-03-26 09:40:41 | INFO     | app.services.stock_service:get_intraday_data:505 - 从pytdx获取分时数据成功: 000001, 240条
2026-03-26 09:40:49 | INFO     | app.services.stock_service:get_market_overview:439 - 从pytdx获取市场概览成功
2026-03-26 09:40:52 | INFO     | app.services.stock_service:get_stock_list:201 - 从pytdx获取股票列表成功: 5196条
2026-03-26 09:40:52 | INFO     | app.services.screening_engine:screen_stocks:53 - 获取到 5196 只股票
2026-03-26 09:40:52 | INFO     | app.services.screening_engine:screen_stocks:59 - 应用排除规则 exclude_st, 剩余 5017 只
2026-03-26 09:40:52 | INFO     | app.services.screening_engine:screen_stocks:59 - 应用排除规则 market_cap, 剩余 5017 只
2026-03-26 09:40:52 | INFO     | app.services.stock_service:get_intraday_data:505 - 从pytdx获取分时数据成功: 000001, 240条
2026-03-26 09:41:02 | INFO     | app.services.stock_service:get_market_overview:439 - 从pytdx获取市场概览成功
2026-03-26 09:41:08 | INFO     | app.services.stock_service:get_market_overview:439 - 从pytdx获取市场概览成功
2026-03-26 09:41:20 | INFO     | app.services.stock_service:get_market_overview:439 - 从pytdx获取市场概览成功
2026-03-26 09:41:30 | INFO     | app.services.stock_service:get_market_overview:439 - 从pytdx获取市场概览成功
2026-03-26 09:41:33 | INFO     | app.services.stock_service:get_stock_list:201 - 从pytdx获取股票列表成功: 5196条
2026-03-26 09:41:33 | INFO     | app.services.screening_engine:screen_stocks:53 - 获取到 5196 只股票
2026-03-26 09:41:33 | INFO     | app.services.screening_engine:screen_stocks:59 - 应用排除规则 exclude_st, 剩余 5017 只
2026-03-26 09:41:33 | INFO     | app.services.screening_engine:screen_stocks:59 - 应用排除规则 market_cap, 剩余 5017 只
2026-03-26 09:41:33 | INFO     | app.services.stock_service:get_intraday_data:505 - 从pytdx获取分时数据成功: 000001, 240条
2026-03-26 09:41:34 | INFO     | app.services.stock_service:get_market_overview:439 - 从pytdx获取市场概览成功
2026-03-26 09:41:38 | INFO     | app.services.stock_service:get_market_overview:439 - 从pytdx获取市场概览成功
2026-03-26 09:41:42 | INFO     | app.services.stock_service:get_stock_list:201 - 从pytdx获取股票列表成功: 5196条
2026-03-26 09:41:42 | INFO     | app.services.screening_engine:screen_stocks:53 - 获取到 5196 只股票
2026-03-26 09:41:42 | INFO     | app.services.screening_engine:screen_stocks:59 - 应用排除规则 exclude_st, 剩余 5017 只
2026-03-26 09:41:42 | INFO     | app.services.screening_engine:screen_stocks:59 - 应用排除规则 market_cap, 剩余 5017 只
2026-03-26 09:41:43 | INFO     | app.services.stock_service:get_market_overview:439 - 从pytdx获取市场概览成功
2026-03-26 09:41:43 | INFO     | app.services.stock_service:get_intraday_data:505 - 从pytdx获取分时数据成功: 000001, 240条
2026-03-26 09:41:52 | INFO     | app.services.stock_service:get_stock_list:201 - 从pytdx获取股票列表成功: 5196条
2026-03-26 09:41:52 | INFO     | app.services.screening_engine:screen_stocks:53 - 获取到 5196 只股票
2026-03-26 09:41:52 | INFO     | app.services.screening_engine:screen_stocks:59 - 应用排除规则 exclude_st, 剩余 5017 只
2026-03-26 09:41:52 | INFO     | app.services.screening_engine:screen_stocks:59 - 应用排除规则 market_cap, 剩余 5017 只
2026-03-26 09:41:53 | INFO     | app.services.stock_service:get_market_overview:439 - 从pytdx获取市场概览成功
2026-03-26 09:41:54 | INFO     | app.services.stock_service:get_market_overview:439 - 从pytdx获取市场概览成功
2026-03-26 09:41:54 | INFO     | app.services.stock_service:get_intraday_data:505 - 从pytdx获取分时数据成功: 000001, 240条
2026-03-26 09:42:00 | INFO     | app.services.stock_service:get_market_overview:439 - 从pytdx获取市场概览成功
2026-03-26 09:42:04 | INFO     | app.services.stock_service:get_stock_list:201 - 从pytdx获取股票列表成功: 5196条
2026-03-26 09:42:04 | INFO     | app.services.screening_engine:screen_stocks:53 - 获取到 5196 只股票
2026-03-26 09:42:04 | INFO     | app.services.screening_engine:screen_stocks:59 - 应用排除规则 exclude_st, 剩余 5017 只
2026-03-26 09:42:04 | INFO     | app.services.screening_engine:screen_stocks:59 - 应用排除规则 market_cap, 剩余 5017 只
2026-03-26 09:42:04 | INFO     | app.services.stock_service:get_market_overview:439 - 从pytdx获取市场概览成功
2026-03-26 09:42:04 | INFO     | app.services.stock_service:get_intraday_data:505 - 从pytdx获取分时数据成功: 000001, 240条
2026-03-26 09:42:05 | INFO     | app.services.stock_service:get_market_overview:439 - 从pytdx获取市场概览成功
2026-03-26 09:42:08 | INFO     | app.services.stock_service:get_market_overview:439 - 从pytdx获取市场概览成功
2026-03-26 09:42:10 | INFO     | app.services.stock_service:get_market_overview:439 - 从pytdx获取市场概览成功
2026-03-26 09:42:14 | INFO     | app.services.stock_service:get_kline_data:331 - 从pytdx获取K线数据成功: 000001, 60条
2026-03-26 09:42:16 | INFO     | app.services.stock_service:get_kline_data:331 - 从pytdx获取K线数据成功: 000001, 60条
2026-03-26 09:42:19 | INFO     | app.services.stock_service:get_market_overview:439 - 从pytdx获取市场概览成功
2026-03-26 09:42:20 | INFO     | app.services.stock_service:get_market_overview:439 - 从pytdx获取市场概览成功
2026-03-26 09:42:30 | INFO     | app.services.stock_service:get_market_overview:439 - 从pytdx获取市场概览成功
2026-03-26 09:42:34 | INFO     | app.services.stock_service:get_stock_list:201 - 从pytdx获取股票列表成功: 5196条
2026-03-26 09:42:34 | INFO     | app.services.screening_engine:screen_stocks:53 - 获取到 5196 只股票
2026-03-26 09:42:34 | INFO     | app.services.screening_engine:screen_stocks:59 - 应用排除规则 exclude_st, 剩余 5017 只
2026-03-26 09:42:34 | INFO     | app.services.screening_engine:screen_stocks:59 - 应用排除规则 market_cap, 剩余 5017 只
2026-03-26 09:42:34 | INFO     | app.services.stock_service:get_market_overview:439 - 从pytdx获取市场概览成功
2026-03-26 09:42:35 | INFO     | app.services.stock_service:get_intraday_data:505 - 从pytdx获取分时数据成功: 000001, 240条
2026-03-26 09:42:35 | INFO     | app.services.stock_service:get_market_overview:439 - 从pytdx获取市场概览成功
2026-03-26 09:42:35 | INFO     | app.services.stock_service:get_market_overview:439 - 从pytdx获取市场概览成功
2026-03-26 09:42:36 | INFO     | app.services.stock_service:get_kline_data:331 - 从pytdx获取K线数据成功: 000001, 60条
2026-03-26 09:42:38 | INFO     | app.services.stock_service:get_market_overview:439 - 从pytdx获取市场概览成功
2026-03-26 09:42:38 | INFO     | app.services.stock_service:get_kline_data:331 - 从pytdx获取K线数据成功: 000001, 60条
2026-03-26 09:42:40 | INFO     | app.services.stock_service:get_market_overview:439 - 从pytdx获取市场概览成功
2026-03-26 09:42:50 | INFO     | app.services.stock_service:get_market_overview:439 - 从pytdx获取市场概览成功
2026-03-26 09:42:51 | INFO     | app.services.stock_service:get_market_overview:439 - 从pytdx获取市场概览成功
2026-03-26 09:43:00 | INFO     | app.services.stock_service:get_market_overview:439 - 从pytdx获取市场概览成功
2026-03-26 09:43:03 | INFO     | app.services.stock_service:get_stock_list:201 - 从pytdx获取股票列表成功: 5196条
2026-03-26 09:43:03 | INFO     | app.services.screening_engine:screen_stocks:53 - 获取到 5196 只股票
2026-03-26 09:43:03 | INFO     | app.services.screening_engine:screen_stocks:59 - 应用排除规则 exclude_st, 剩余 5017 只
2026-03-26 09:43:03 | INFO     | app.services.screening_engine:screen_stocks:59 - 应用排除规则 market_cap, 剩余 5017 只
2026-03-26 09:43:04 | INFO     | app.services.stock_service:get_market_overview:439 - 从pytdx获取市场概览成功
2026-03-26 09:43:04 | INFO     | app.services.stock_service:get_intraday_data:505 - 从pytdx获取分时数据成功: 000001, 240条
2026-03-26 09:43:08 | INFO     | app.services.stock_service:get_kline_data:331 - 从pytdx获取K线数据成功: 000001, 60条
2026-03-26 09:43:31 | INFO     | app.services.stock_service:get_market_overview:439 - 从pytdx获取市场概览成功
2026-03-26 09:44:01 | INFO     | app.services.stock_service:get_market_overview:439 - 从pytdx获取市场概览成功
2026-03-26 09:44:31 | INFO     | app.services.stock_service:get_market_overview:439 - 从pytdx获取市场概览成功
2026-03-26 09:45:01 | INFO     | app.services.stock_service:get_market_overview:439 - 从pytdx获取市场概览成功
2026-03-26 09:45:31 | INFO     | app.services.stock_service:get_market_overview:439 - 从pytdx获取市场概览成功
2026-03-26 09:46:01 | INFO     | app.services.stock_service:get_market_overview:439 - 从pytdx获取市场概览成功
2026-03-26 09:46:41 | INFO     | app.services.stock_service:get_market_overview:439 - 从pytdx获取市场概览成功
2026-03-26 09:47:21 | INFO     | app.services.stock_service:get_stock_list:201 - 从pytdx获取股票列表成功: 5196条
2026-03-26 09:47:21 | INFO     | app.services.screening_engine:screen_stocks:53 - 获取到 5196 只股票
2026-03-26 09:47:21 | INFO     | app.services.screening_engine:screen_stocks:59 - 应用排除规则 exclude_st, 剩余 5017 只
2026-03-26 09:47:21 | INFO     | app.services.screening_engine:screen_stocks:59 - 应用排除规则 market_cap, 剩余 5017 只
2026-03-26 09:47:22 | INFO     | app.services.stock_service:get_market_overview:439 - 从pytdx获取市场概览成功
2026-03-26 09:47:22 | INFO     | app.services.stock_service:get_intraday_data:505 - 从pytdx获取分时数据成功: 000001, 240条
2026-03-26 09:47:41 | INFO     | app.services.stock_service:get_market_overview:439 - 从pytdx获取市场概览成功
2026-03-26 09:47:50 | INFO     | app.services.stock_service:get_market_overview:439 - 从pytdx获取市场概览成功
2026-03-26 09:48:22 | INFO     | app.services.stock_service:get_market_overview:439 - 从pytdx获取市场概览成功
2026-03-26 09:48:29 | INFO     | app.services.stock_service:get_market_overview:439 - 从pytdx获取市场概览成功
2026-03-26 09:48:45 | INFO     | app.services.stock_service:get_stock_list:201 - 从pytdx获取股票列表成功: 5196条
2026-03-26 09:48:45 | INFO     | app.services.screening_engine:screen_stocks:53 - 获取到 5196 只股票
2026-03-26 09:48:45 | INFO     | app.services.screening_engine:screen_stocks:59 - 应用排除规则 exclude_st, 剩余 5017 只
2026-03-26 09:48:45 | INFO     | app.services.screening_engine:screen_stocks:59 - 应用排除规则 market_cap, 剩余 5017 只
2026-03-26 09:48:45 | INFO     | app.services.stock_service:get_market_overview:439 - 从pytdx获取市场概览成功
2026-03-26 09:48:48 | INFO     | app.services.stock_service:get_stock_list:201 - 从pytdx获取股票列表成功: 5196条
2026-03-26 09:48:48 | INFO     | app.services.screening_engine:screen_stocks:53 - 获取到 5196 只股票
2026-03-26 09:48:48 | INFO     | app.services.screening_engine:screen_stocks:59 - 应用排除规则 exclude_st, 剩余 5017 只
2026-03-26 09:48:48 | INFO     | app.services.screening_engine:screen_stocks:59 - 应用排除规则 market_cap, 剩余 5017 只
2026-03-26 09:48:49 | INFO     | app.services.stock_service:get_market_overview:439 - 从pytdx获取市场概览成功
2026-03-26 09:48:49 | INFO     | app.services.stock_service:get_kline_data:331 - 从pytdx获取K线数据成功: 000001, 60条
2026-03-26 09:48:49 | INFO     | app.services.stock_service:get_kline_data:331 - 从pytdx获取K线数据成功: 000001, 60条
2026-03-26 09:48:50 | INFO     | app.services.stock_service:get_intraday_data:505 - 从pytdx获取分时数据成功: 000001, 240条
2026-03-26 09:48:52 | INFO     | app.services.stock_service:get_stock_list:201 - 从pytdx获取股票列表成功: 5196条
2026-03-26 09:48:52 | INFO     | app.services.screening_engine:screen_stocks:53 - 获取到 5196 只股票
2026-03-26 09:48:52 | INFO     | app.services.screening_engine:screen_stocks:59 - 应用排除规则 exclude_st, 剩余 5017 只
2026-03-26 09:48:52 | INFO     | app.services.screening_engine:screen_stocks:59 - 应用排除规则 market_cap, 剩余 5017 只
2026-03-26 09:48:53 | INFO     | app.services.stock_service:get_market_overview:439 - 从pytdx获取市场概览成功
2026-03-26 09:48:53 | INFO     | app.services.stock_service:get_intraday_data:505 - 从pytdx获取分时数据成功: 000001, 240条
2026-03-26 09:48:56 | INFO     | app.services.stock_service:get_kline_data:331 - 从pytdx获取K线数据成功: 000001, 60条
2026-03-26 09:48:59 | INFO     | app.services.stock_service:get_kline_data:331 - 从pytdx获取K线数据成功: 000001, 60条
2026-03-26 09:49:02 | INFO     | app.services.stock_service:get_kline_data:331 - 从pytdx获取K线数据成功: 000001, 60条
2026-03-26 09:49:03 | INFO     | app.services.stock_service:get_kline_data:331 - 从pytdx获取K线数据成功: 000001, 60条
2026-03-26 09:49:10 | INFO     | app.services.stock_service:get_intraday_data:505 - 从pytdx获取分时数据成功: 000001, 240条
2026-03-26 09:49:20 | INFO     | app.services.stock_service:get_market_overview:439 - 从pytdx获取市场概览成功
2026-03-26 09:49:51 | INFO     | app.services.stock_service:get_market_overview:439 - 从pytdx获取市场概览成功
2026-03-26 09:51:00 | INFO     | app.services.stock_service:get_market_overview:439 - 从pytdx获取市场概览成功
2026-03-26 09:51:00 | INFO     | app.services.stock_service:get_market_overview:439 - 从pytdx获取市场概览成功
2026-03-26 09:51:19 | INFO     | app.services.stock_service:get_market_overview:439 - 从pytdx获取市场概览成功
2026-03-26 09:51:49 | INFO     | app.services.stock_service:get_market_overview:439 - 从pytdx获取市场概览成功
2026-03-26 09:52:40 | INFO     | app.services.stock_service:get_market_overview:439 - 从pytdx获取市场概览成功
2026-03-26 09:53:40 | INFO     | app.services.stock_service:get_market_overview:439 - 从pytdx获取市场概览成功
2026-03-26 09:54:40 | INFO     | app.services.stock_service:get_market_overview:439 - 从pytdx获取市场概览成功
2026-03-26 09:55:40 | INFO     | app.services.stock_service:get_market_overview:439 - 从pytdx获取市场概览成功
2026-03-26 09:56:40 | INFO     | app.services.stock_service:get_market_overview:439 - 从pytdx获取市场概览成功
2026-03-26 09:57:40 | INFO     | app.services.stock_service:get_market_overview:439 - 从pytdx获取市场概览成功
2026-03-26 09:58:40 | INFO     | app.services.stock_service:get_market_overview:439 - 从pytdx获取市场概览成功
2026-03-26 09:59:40 | INFO     | app.services.stock_service:get_market_overview:439 - 从pytdx获取市场概览成功
2026-03-26 10:00:40 | INFO     | app.services.stock_service:get_market_overview:439 - 从pytdx获取市场概览成功
2026-03-26 10:01:40 | INFO     | app.services.stock_service:get_market_overview:439 - 从pytdx获取市场概览成功
2026-03-26 10:02:40 | INFO     | app.services.stock_service:get_market_overview:439 - 从pytdx获取市场概览成功
2026-03-26 10:03:20 | INFO     | app.services.stock_service:get_market_overview:439 - 从pytdx获取市场概览成功
2026-03-26 10:03:22 | WARNING  | app.services.stock_service:get_kline_data:309 - pytdx未获取到K线数据 000001，尝试重连...
2026-03-26 10:03:22 | INFO     | app.services.stock_service:_reconnect:128 - 尝试重新连接pytdx...
2026-03-26 10:03:38 | INFO     | app.services.stock_service:_get_api:112 - pytdx连接成功: 180.153.18.170:7709
2026-03-26 10:03:38 | INFO     | app.services.stock_service:_load_stock_names:77 - 已缓存 1491 个股票名称
2026-03-26 10:03:38 | INFO     | app.services.stock_service:get_kline_data:331 - 从pytdx获取K线数据成功: 000001, 60条
2026-03-26 10:03:50 | INFO     | app.services.stock_service:get_market_overview:439 - 从pytdx获取市场概览成功
2026-03-26 10:04:20 | INFO     | app.services.stock_service:get_market_overview:439 - 从pytdx获取市场概览成功
2026-03-26 10:05:41 | INFO     | app.services.stock_service:get_market_overview:439 - 从pytdx获取市场概览成功
2026-03-26 10:06:41 | INFO     | app.services.stock_service:get_market_overview:439 - 从pytdx获取市场概览成功
2026-03-26 10:07:02 | INFO     | app.services.stock_service:get_market_overview:439 - 从pytdx获取市场概览成功
2026-03-26 10:07:04 | INFO     | app.services.stock_service:get_kline_data:331 - 从pytdx获取K线数据成功: 000001, 60条
2026-03-26 10:07:06 | INFO     | app.services.stock_service:get_kline_data:331 - 从pytdx获取K线数据成功: 000001, 60条
2026-03-26 10:07:11 | INFO     | app.services.stock_service:get_stock_list:201 - 从pytdx获取股票列表成功: 5196条
2026-03-26 10:07:11 | INFO     | app.services.screening_engine:screen_stocks:53 - 获取到 5196 只股票
2026-03-26 10:07:11 | INFO     | app.services.screening_engine:screen_stocks:59 - 应用排除规则 exclude_st, 剩余 5017 只
2026-03-26 10:07:11 | INFO     | app.services.screening_engine:screen_stocks:59 - 应用排除规则 market_cap, 剩余 5017 只
2026-03-26 10:07:11 | INFO     | app.services.stock_service:get_market_overview:439 - 从pytdx获取市场概览成功
2026-03-26 10:07:12 | INFO     | app.services.stock_service:get_intraday_data:505 - 从pytdx获取分时数据成功: 000001, 240条
2026-03-26 10:07:17 | INFO     | app.services.stock_service:get_kline_data:331 - 从pytdx获取K线数据成功: 000001, 60条
2026-03-26 10:07:21 | INFO     | app.services.stock_service:get_kline_data:331 - 从pytdx获取K线数据成功: 000001, 60条
2026-03-26 10:07:27 | INFO     | app.services.stock_service:get_intraday_data:505 - 从pytdx获取分时数据成功: 000001, 240条
2026-03-26 10:07:39 | INFO     | app.services.stock_service:get_market_overview:439 - 从pytdx获取市场概览成功
2026-03-26 10:08:09 | INFO     | app.services.stock_service:get_market_overview:439 - 从pytdx获取市场概览成功
2026-03-26 10:08:29 | INFO     | app.services.stock_service:get_market_overview:439 - 从pytdx获取市场概览成功
2026-03-26 10:08:32 | INFO     | app.services.stock_service:get_stock_list:201 - 从pytdx获取股票列表成功: 5196条
2026-03-26 10:08:32 | INFO     | app.services.screening_engine:screen_stocks:53 - 获取到 5196 只股票
2026-03-26 10:08:32 | INFO     | app.services.screening_engine:screen_stocks:59 - 应用排除规则 exclude_st, 剩余 5017 只
2026-03-26 10:08:32 | INFO     | app.services.screening_engine:screen_stocks:59 - 应用排除规则 market_cap, 剩余 5017 只
2026-03-26 10:08:32 | INFO     | app.services.stock_service:get_intraday_data:505 - 从pytdx获取分时数据成功: 000001, 240条
2026-03-26 10:08:39 | INFO     | app.services.stock_service:get_market_overview:439 - 从pytdx获取市场概览成功
2026-03-26 10:08:59 | INFO     | app.services.stock_service:get_market_overview:439 - 从pytdx获取市场概览成功
2026-03-26 10:09:09 | INFO     | app.services.stock_service:get_market_overview:439 - 从pytdx获取市场概览成功
2026-03-26 10:09:29 | INFO     | app.services.stock_service:get_market_overview:439 - 从pytdx获取市场概览成功
2026-03-26 10:09:39 | INFO     | app.services.stock_service:get_market_overview:439 - 从pytdx获取市场概览成功
2026-03-26 10:09:44 | INFO     | app.services.stock_service:get_stock_list:201 - 从pytdx获取股票列表成功: 5196条
2026-03-26 10:09:44 | INFO     | app.services.screening_engine:screen_stocks:53 - 获取到 5196 只股票
2026-03-26 10:09:44 | INFO     | app.services.screening_engine:screen_stocks:59 - 应用排除规则 exclude_st, 剩余 5017 只
2026-03-26 10:09:44 | INFO     | app.services.screening_engine:screen_stocks:59 - 应用排除规则 market_cap, 剩余 5017 只
2026-03-26 10:09:45 | INFO     | app.services.stock_service:get_market_overview:439 - 从pytdx获取市场概览成功
2026-03-26 10:09:45 | INFO     | app.services.stock_service:get_intraday_data:505 - 从pytdx获取分时数据成功: 000001, 240条
2026-03-26 10:09:59 | INFO     | app.services.stock_service:get_market_overview:439 - 从pytdx获取市场概览成功
2026-03-26 10:10:05 | INFO     | app.services.stock_service:get_stock_list:201 - 从pytdx获取股票列表成功: 5196条
2026-03-26 10:10:05 | INFO     | app.services.screening_engine:screen_stocks:53 - 获取到 5196 只股票
2026-03-26 10:10:05 | INFO     | app.services.screening_engine:screen_stocks:59 - 应用排除规则 exclude_st, 剩余 5017 只
2026-03-26 10:10:05 | INFO     | app.services.screening_engine:screen_stocks:59 - 应用排除规则 market_cap, 剩余 5017 只
2026-03-26 10:10:06 | INFO     | app.services.stock_service:get_market_overview:439 - 从pytdx获取市场概览成功
2026-03-26 10:10:06 | INFO     | app.services.stock_service:get_intraday_data:505 - 从pytdx获取分时数据成功: 000001, 240条
2026-03-26 10:10:07 | INFO     | app.services.stock_service:get_kline_data:331 - 从pytdx获取K线数据成功: 000001, 60条
2026-03-26 10:10:33 | INFO     | app.services.stock_service:get_market_overview:439 - 从pytdx获取市场概览成功
2026-03-26 10:11:03 | INFO     | app.services.stock_service:get_market_overview:439 - 从pytdx获取市场概览成功
2026-03-26 10:11:33 | INFO     | app.services.stock_service:get_market_overview:439 - 从pytdx获取市场概览成功
2026-03-26 10:11:40 | INFO     | app.services.stock_service:get_market_overview:439 - 从pytdx获取市场概览成功
2026-03-26 10:11:43 | INFO     | app.services.stock_service:get_stock_list:201 - 从pytdx获取股票列表成功: 5196条
2026-03-26 10:11:43 | INFO     | app.services.screening_engine:screen_stocks:53 - 获取到 5196 只股票
2026-03-26 10:11:43 | INFO     | app.services.screening_engine:screen_stocks:59 - 应用排除规则 exclude_st, 剩余 5017 只
2026-03-26 10:11:43 | INFO     | app.services.screening_engine:screen_stocks:59 - 应用排除规则 market_cap, 剩余 5017 只
2026-03-26 10:11:44 | INFO     | app.services.stock_service:get_intraday_data:505 - 从pytdx获取分时数据成功: 000001, 240条
2026-03-26 10:12:03 | INFO     | app.services.stock_service:get_market_overview:439 - 从pytdx获取市场概览成功
2026-03-26 10:12:11 | INFO     | app.services.stock_service:get_market_overview:439 - 从pytdx获取市场概览成功
2026-03-26 10:12:24 | INFO     | app.services.stock_service:get_stock_list:201 - 从pytdx获取股票列表成功: 5196条
2026-03-26 10:12:24 | INFO     | app.services.screening_engine:screen_stocks:53 - 获取到 5196 只股票
2026-03-26 10:12:24 | INFO     | app.services.screening_engine:screen_stocks:59 - 应用排除规则 exclude_st, 剩余 5017 只
2026-03-26 10:12:24 | INFO     | app.services.screening_engine:screen_stocks:59 - 应用排除规则 market_cap, 剩余 5017 只
2026-03-26 10:12:25 | INFO     | app.services.stock_service:get_market_overview:439 - 从pytdx获取市场概览成功
2026-03-26 10:12:25 | INFO     | app.services.stock_service:get_intraday_data:505 - 从pytdx获取分时数据成功: 000001, 240条
2026-03-26 10:12:33 | INFO     | app.services.stock_service:get_stock_list:201 - 从pytdx获取股票列表成功: 5196条
2026-03-26 10:12:33 | INFO     | app.services.screening_engine:screen_stocks:53 - 获取到 5196 只股票
2026-03-26 10:12:33 | INFO     | app.services.screening_engine:screen_stocks:59 - 应用排除规则 exclude_st, 剩余 5017 只
2026-03-26 10:12:33 | INFO     | app.services.screening_engine:screen_stocks:59 - 应用排除规则 market_cap, 剩余 5017 只
2026-03-26 10:12:34 | INFO     | app.services.stock_service:get_market_overview:439 - 从pytdx获取市场概览成功
2026-03-26 10:12:35 | INFO     | app.services.stock_service:get_market_overview:439 - 从pytdx获取市场概览成功
2026-03-26 10:12:35 | INFO     | app.services.stock_service:get_intraday_data:505 - 从pytdx获取分时数据成功: 000001, 240条
2026-03-26 10:12:41 | INFO     | app.services.stock_service:get_market_overview:439 - 从pytdx获取市场概览成功
2026-03-26 10:12:52 | INFO     | app.services.stock_service:get_market_overview:439 - 从pytdx获取市场概览成功
2026-03-26 10:13:01 | INFO     | app.services.stock_service:get_market_overview:439 - 从pytdx获取市场概览成功
2026-03-26 10:13:03 | INFO     | app.services.stock_service:get_market_overview:439 - 从pytdx获取市场概览成功
2026-03-26 10:13:11 | INFO     | app.services.stock_service:get_market_overview:439 - 从pytdx获取市场概览成功
2026-03-26 10:13:22 | INFO     | app.services.stock_service:get_market_overview:439 - 从pytdx获取市场概览成功
2026-03-26 10:13:31 | INFO     | app.services.stock_service:get_market_overview:439 - 从pytdx获取市场概览成功
2026-03-26 10:13:41 | INFO     | app.services.stock_service:get_market_overview:439 - 从pytdx获取市场概览成功
2026-03-26 10:13:42 | INFO     | app.services.stock_service:get_market_overview:439 - 从pytdx获取市场概览成功
2026-03-26 10:13:52 | INFO     | app.services.stock_service:get_market_overview:439 - 从pytdx获取市场概览成功
2026-03-26 10:14:01 | INFO     | app.services.stock_service:get_market_overview:439 - 从pytdx获取市场概览成功
2026-03-26 10:14:11 | INFO     | app.services.stock_service:get_market_overview:439 - 从pytdx获取市场概览成功
2026-03-26 10:14:22 | INFO     | app.services.stock_service:get_market_overview:439 - 从pytdx获取市场概览成功
2026-03-26 10:14:31 | INFO     | app.services.stock_service:get_market_overview:439 - 从pytdx获取市场概览成功
2026-03-26 10:14:41 | INFO     | app.services.stock_service:get_market_overview:439 - 从pytdx获取市场概览成功
2026-03-26 10:14:42 | INFO     | app.services.stock_service:get_market_overview:439 - 从pytdx获取市场概览成功
2026-03-26 10:14:52 | INFO     | app.services.stock_service:get_market_overview:439 - 从pytdx获取市场概览成功
2026-03-26 10:15:01 | INFO     | app.services.stock_service:get_market_overview:439 - 从pytdx获取市场概览成功
2026-03-26 10:15:22 | INFO     | app.services.stock_service:get_market_overview:439 - 从pytdx获取市场概览成功
2026-03-26 10:15:31 | INFO     | app.services.stock_service:get_market_overview:439 - 从pytdx获取市场概览成功
2026-03-26 10:15:41 | INFO     | app.services.stock_service:get_market_overview:439 - 从pytdx获取市场概览成功
2026-03-26 10:15:42 | INFO     | app.services.stock_service:get_market_overview:439 - 从pytdx获取市场概览成功
2026-03-26 10:16:41 | INFO     | app.services.stock_service:get_market_overview:439 - 从pytdx获取市场概览成功
2026-03-26 10:16:42 | INFO     | app.services.stock_service:get_market_overview:439 - 从pytdx获取市场概览成功
2026-03-26 10:16:42 | INFO     | app.services.stock_service:get_market_overview:439 - 从pytdx获取市场概览成功
2026-03-26 10:16:43 | INFO     | app.services.stock_service:get_market_overview:439 - 从pytdx获取市场概览成功
2026-03-26 10:17:41 | INFO     | app.services.stock_service:get_market_overview:439 - 从pytdx获取市场概览成功
2026-03-26 10:17:42 | INFO     | app.services.stock_service:get_market_overview:439 - 从pytdx获取市场概览成功
2026-03-26 10:17:42 | INFO     | app.services.stock_service:get_market_overview:439 - 从pytdx获取市场概览成功
2026-03-26 10:17:43 | INFO     | app.services.stock_service:get_market_overview:439 - 从pytdx获取市场概览成功
2026-03-26 10:18:17 | INFO     | app.services.stock_service:get_market_overview:439 - 从pytdx获取市场概览成功
2026-03-26 10:18:18 | INFO     | app.services.stock_service:get_market_overview:439 - 从pytdx获取市场概览成功
2026-03-26 10:18:18 | INFO     | app.services.stock_service:get_market_overview:439 - 从pytdx获取市场概览成功
2026-03-26 10:18:19 | INFO     | app.services.stock_service:get_market_overview:439 - 从pytdx获取市场概览成功
2026-03-26 10:18:22 | INFO     | app.services.stock_service:get_stock_list:201 - 从pytdx获取股票列表成功: 5196条
2026-03-26 10:18:22 | INFO     | app.services.screening_engine:screen_stocks:53 - 获取到 5196 只股票
2026-03-26 10:18:22 | INFO     | app.services.screening_engine:screen_stocks:59 - 应用排除规则 exclude_st, 剩余 5017 只
2026-03-26 10:18:22 | INFO     | app.services.screening_engine:screen_stocks:59 - 应用排除规则 market_cap, 剩余 5017 只
2026-03-26 10:18:23 | INFO     | app.services.stock_service:get_kline_data:331 - 从pytdx获取K线数据成功: 000001, 60条
2026-03-26 10:18:23 | INFO     | app.services.stock_service:get_kline_data:331 - 从pytdx获取K线数据成功: 000001, 60条
2026-03-26 10:18:27 | INFO     | app.services.stock_service:get_kline_data:331 - 从pytdx获取K线数据成功: 000001, 60条
2026-03-26 10:18:29 | INFO     | app.services.stock_service:get_kline_data:331 - 从pytdx获取K线数据成功: 000001, 60条
2026-03-26 10:18:49 | INFO     | app.services.stock_service:get_market_overview:439 - 从pytdx获取市场概览成功
2026-03-26 10:19:19 | INFO     | app.services.stock_service:get_market_overview:439 - 从pytdx获取市场概览成功
2026-03-26 10:19:40 | INFO     | app.services.stock_service:get_market_overview:439 - 从pytdx获取市场概览成功
2026-03-26 10:19:43 | INFO     | app.services.stock_service:get_stock_list:201 - 从pytdx获取股票列表成功: 5196条
2026-03-26 10:19:43 | INFO     | app.services.screening_engine:screen_stocks:53 - 获取到 5196 只股票
2026-03-26 10:19:43 | INFO     | app.services.screening_engine:screen_stocks:59 - 应用排除规则 exclude_st, 剩余 5017 只
2026-03-26 10:19:43 | INFO     | app.services.screening_engine:screen_stocks:59 - 应用排除规则 market_cap, 剩余 5017 只
2026-03-26 10:19:43 | INFO     | app.services.stock_service:get_intraday_data:505 - 从pytdx获取分时数据成功: 000001, 240条
2026-03-26 10:19:52 | INFO     | app.services.stock_service:get_stock_list:201 - 从pytdx获取股票列表成功: 5196条
2026-03-26 10:19:52 | INFO     | app.services.screening_engine:screen_stocks:53 - 获取到 5196 只股票
2026-03-26 10:19:52 | INFO     | app.services.screening_engine:screen_stocks:59 - 应用排除规则 exclude_st, 剩余 5017 只
2026-03-26 10:19:52 | INFO     | app.services.screening_engine:screen_stocks:59 - 应用排除规则 market_cap, 剩余 5017 只
2026-03-26 10:19:53 | INFO     | app.services.stock_service:get_market_overview:439 - 从pytdx获取市场概览成功
2026-03-26 10:19:54 | INFO     | app.services.stock_service:get_market_overview:439 - 从pytdx获取市场概览成功
2026-03-26 10:19:54 | INFO     | app.services.stock_service:get_intraday_data:505 - 从pytdx获取分时数据成功: 000001, 240条
2026-03-26 10:20:09 | INFO     | app.services.stock_service:get_stock_list:201 - 从pytdx获取股票列表成功: 5196条
2026-03-26 10:20:09 | INFO     | app.services.screening_engine:screen_stocks:53 - 获取到 5196 只股票
2026-03-26 10:20:09 | INFO     | app.services.screening_engine:screen_stocks:59 - 应用排除规则 exclude_st, 剩余 5017 只
2026-03-26 10:20:09 | INFO     | app.services.screening_engine:screen_stocks:59 - 应用排除规则 market_cap, 剩余 5017 只
2026-03-26 10:20:10 | INFO     | app.services.stock_service:get_market_overview:439 - 从pytdx获取市场概览成功
2026-03-26 10:20:10 | INFO     | app.services.stock_service:get_intraday_data:505 - 从pytdx获取分时数据成功: 000001, 240条
2026-03-26 10:20:11 | INFO     | app.services.stock_service:get_market_overview:439 - 从pytdx获取市场概览成功
2026-03-26 10:20:19 | INFO     | app.services.stock_service:get_market_overview:439 - 从pytdx获取市场概览成功
2026-03-26 10:20:20 | INFO     | app.services.stock_service:get_market_overview:439 - 从pytdx获取市场概览成功
2026-03-26 10:20:36 | INFO     | app.services.stock_service:get_market_overview:439 - 从pytdx获取市场概览成功
2026-03-26 10:20:37 | INFO     | app.services.stock_service:get_market_overview:439 - 从pytdx获取市场概览成功
2026-03-26 10:20:49 | INFO     | app.services.stock_service:get_market_overview:439 - 从pytdx获取市场概览成功
2026-03-26 10:20:50 | INFO     | app.services.stock_service:get_market_overview:439 - 从pytdx获取市场概览成功
2026-03-26 10:21:06 | INFO     | app.services.stock_service:get_market_overview:439 - 从pytdx获取市场概览成功
2026-03-26 10:21:07 | INFO     | app.services.stock_service:get_market_overview:439 - 从pytdx获取市场概览成功
2026-03-26 10:21:19 | INFO     | app.services.stock_service:get_market_overview:439 - 从pytdx获取市场概览成功
2026-03-26 10:21:20 | INFO     | app.services.stock_service:get_market_overview:439 - 从pytdx获取市场概览成功
2026-03-26 10:21:36 | INFO     | app.services.stock_service:get_market_overview:439 - 从pytdx获取市场概览成功
2026-03-26 10:21:37 | INFO     | app.services.stock_service:get_market_overview:439 - 从pytdx获取市场概览成功
2026-03-26 10:21:49 | INFO     | app.services.stock_service:get_market_overview:439 - 从pytdx获取市场概览成功
2026-03-26 10:22:06 | INFO     | app.services.stock_service:get_market_overview:439 - 从pytdx获取市场概览成功
2026-03-26 10:22:07 | INFO     | app.services.stock_service:get_market_overview:439 - 从pytdx获取市场概览成功
2026-03-26 10:22:19 | INFO     | app.services.stock_service:get_market_overview:439 - 从pytdx获取市场概览成功
2026-03-26 10:22:36 | INFO     | app.services.stock_service:get_market_overview:439 - 从pytdx获取市场概览成功
2026-03-26 10:22:37 | INFO     | app.services.stock_service:get_market_overview:439 - 从pytdx获取市场概览成功
2026-03-26 10:22:41 | INFO     | app.services.stock_service:get_market_overview:439 - 从pytdx获取市场概览成功
2026-03-26 10:22:49 | INFO     | app.services.stock_service:get_market_overview:439 - 从pytdx获取市场概览成功
2026-03-26 10:23:06 | INFO     | app.services.stock_service:get_market_overview:439 - 从pytdx获取市场概览成功
2026-03-26 10:23:41 | INFO     | app.services.stock_service:get_market_overview:439 - 从pytdx获取市场概览成功
2026-03-26 10:23:42 | INFO     | app.services.stock_service:get_market_overview:439 - 从pytdx获取市场概览成功
2026-03-26 10:23:42 | INFO     | app.services.stock_service:get_market_overview:439 - 从pytdx获取市场概览成功
2026-03-26 10:23:43 | INFO     | app.services.stock_service:get_market_overview:439 - 从pytdx获取市场概览成功
2026-03-26 10:23:55 | INFO     | app.services.stock_service:get_market_overview:439 - 从pytdx获取市场概览成功
2026-03-26 10:23:56 | INFO     | app.services.stock_service:get_market_overview:439 - 从pytdx获取市场概览成功
2026-03-26 10:23:56 | INFO     | app.services.stock_service:get_kline_data:331 - 从pytdx获取K线数据成功: 000001, 60条
2026-03-26 10:24:02 | INFO     | app.services.stock_service:get_kline_data:331 - 从pytdx获取K线数据成功: 000001, 60条
2026-03-26 10:24:06 | INFO     | app.services.stock_service:get_market_overview:439 - 从pytdx获取市场概览成功
2026-03-26 10:24:07 | INFO     | app.services.stock_service:get_market_overview:439 - 从pytdx获取市场概览成功
2026-03-26 10:24:19 | INFO     | app.services.stock_service:get_market_overview:439 - 从pytdx获取市场概览成功
2026-03-26 10:24:19 | INFO     | app.services.stock_service:get_market_overview:439 - 从pytdx获取市场概览成功
2026-03-26 10:24:28 | INFO     | app.services.stock_service:get_kline_data:331 - 从pytdx获取K线数据成功: 000001, 60条
2026-03-26 10:24:36 | INFO     | app.services.stock_service:get_market_overview:439 - 从pytdx获取市场概览成功
2026-03-26 10:24:37 | INFO     | app.services.stock_service:get_market_overview:439 - 从pytdx获取市场概览成功
2026-03-26 10:24:49 | INFO     | app.services.stock_service:get_market_overview:439 - 从pytdx获取市场概览成功
2026-03-26 10:24:50 | INFO     | app.services.stock_service:get_market_overview:439 - 从pytdx获取市场概览成功
2026-03-26 10:25:06 | INFO     | app.services.stock_service:get_market_overview:439 - 从pytdx获取市场概览成功
2026-03-26 10:25:07 | INFO     | app.services.stock_service:get_market_overview:439 - 从pytdx获取市场概览成功
2026-03-26 10:25:19 | INFO     | app.services.stock_service:get_market_overview:439 - 从pytdx获取市场概览成功
2026-03-26 10:25:20 | INFO     | app.services.stock_service:get_market_overview:439 - 从pytdx获取市场概览成功
2026-03-26 10:25:36 | INFO     | app.services.stock_service:get_market_overview:439 - 从pytdx获取市场概览成功
2026-03-26 10:25:37 | INFO     | app.services.stock_service:get_market_overview:439 - 从pytdx获取市场概览成功
2026-03-26 10:25:49 | INFO     | app.services.stock_service:get_market_overview:439 - 从pytdx获取市场概览成功
2026-03-26 10:25:50 | INFO     | app.services.stock_service:get_market_overview:439 - 从pytdx获取市场概览成功
2026-03-26 10:26:00 | INFO     | app.services.stock_service:get_intraday_data:505 - 从pytdx获取分时数据成功: 000001, 240条
2026-03-26 10:26:06 | INFO     | app.services.stock_service:get_market_overview:439 - 从pytdx获取市场概览成功
2026-03-26 10:26:06 | INFO     | app.services.stock_service:get_market_overview:439 - 从pytdx获取市场概览成功
2026-03-26 10:26:19 | INFO     | app.services.stock_service:get_market_overview:439 - 从pytdx获取市场概览成功
2026-03-26 10:26:20 | INFO     | app.services.stock_service:get_market_overview:439 - 从pytdx获取市场概览成功
2026-03-26 10:26:36 | INFO     | app.services.stock_service:get_market_overview:439 - 从pytdx获取市场概览成功
2026-03-26 10:26:37 | INFO     | app.services.stock_service:get_market_overview:439 - 从pytdx获取市场概览成功
2026-03-26 10:26:49 | INFO     | app.services.stock_service:get_market_overview:439 - 从pytdx获取市场概览成功
2026-03-26 10:26:50 | INFO     | app.services.stock_service:get_market_overview:439 - 从pytdx获取市场概览成功
2026-03-26 10:27:06 | INFO     | app.services.stock_service:get_market_overview:439 - 从pytdx获取市场概览成功
2026-03-26 10:27:07 | INFO     | app.services.stock_service:get_market_overview:439 - 从pytdx获取市场概览成功
2026-03-26 10:27:35 | INFO     | app.services.stock_service:get_market_overview:439 - 从pytdx获取市场概览成功
2026-03-26 10:27:38 | INFO     | app.services.stock_service:get_stock_list:201 - 从pytdx获取股票列表成功: 5196条
2026-03-26 10:27:38 | INFO     | app.services.screening_engine:screen_stocks:53 - 获取到 5196 只股票
2026-03-26 10:27:38 | INFO     | app.services.screening_engine:screen_stocks:59 - 应用排除规则 exclude_st, 剩余 5017 只
2026-03-26 10:27:38 | INFO     | app.services.screening_engine:screen_stocks:59 - 应用排除规则 market_cap, 剩余 5017 只
2026-03-26 10:27:39 | INFO     | app.services.stock_service:get_market_overview:439 - 从pytdx获取市场概览成功
2026-03-26 10:27:40 | INFO     | app.services.stock_service:get_market_overview:439 - 从pytdx获取市场概览成功
2026-03-26 10:27:43 | INFO     | app.services.stock_service:get_stock_list:201 - 从pytdx获取股票列表成功: 5196条
2026-03-26 10:27:43 | INFO     | app.services.screening_engine:screen_stocks:53 - 获取到 5196 只股票
2026-03-26 10:27:43 | INFO     | app.services.screening_engine:screen_stocks:59 - 应用排除规则 exclude_st, 剩余 5017 只
2026-03-26 10:27:43 | INFO     | app.services.screening_engine:screen_stocks:59 - 应用排除规则 market_cap, 剩余 5017 只
2026-03-26 10:27:44 | INFO     | app.services.stock_service:get_market_overview:439 - 从pytdx获取市场概览成功
2026-03-26 10:27:44 | INFO     | app.services.stock_service:get_intraday_data:505 - 从pytdx获取分时数据成功: 000001, 240条
2026-03-26 10:28:10 | INFO     | app.services.stock_service:get_market_overview:439 - 从pytdx获取市场概览成功
2026-03-26 10:28:40 | INFO     | app.services.stock_service:get_market_overview:439 - 从pytdx获取市场概览成功
2026-03-26 10:28:57 | INFO     | app.services.stock_service:get_kline_data:331 - 从pytdx获取K线数据成功: 000001, 60条
2026-03-26 10:29:03 | INFO     | app.services.stock_service:get_market_overview:439 - 从pytdx获取市场概览成功
2026-03-26 10:29:06 | INFO     | app.services.stock_service:get_stock_list:201 - 从pytdx获取股票列表成功: 5196条
2026-03-26 10:29:06 | INFO     | app.services.screening_engine:screen_stocks:53 - 获取到 5196 只股票
2026-03-26 10:29:06 | INFO     | app.services.screening_engine:screen_stocks:59 - 应用排除规则 exclude_st, 剩余 5017 只
2026-03-26 10:29:06 | INFO     | app.services.screening_engine:screen_stocks:59 - 应用排除规则 market_cap, 剩余 5017 只
2026-03-26 10:29:06 | INFO     | app.services.stock_service:get_intraday_data:505 - 从pytdx获取分时数据成功: 000001, 240条
2026-03-26 10:29:08 | INFO     | app.services.stock_service:get_kline_data:331 - 从pytdx获取K线数据成功: 000001, 60条
2026-03-26 10:29:33 | INFO     | app.services.stock_service:get_market_overview:439 - 从pytdx获取市场概览成功
2026-03-26 10:30:03 | INFO     | app.services.stock_service:get_market_overview:439 - 从pytdx获取市场概览成功
2026-03-26 10:30:33 | INFO     | app.services.stock_service:get_market_overview:439 - 从pytdx获取市场概览成功
2026-03-26 10:31:03 | INFO     | app.services.stock_service:get_market_overview:439 - 从pytdx获取市场概览成功
2026-03-26 10:31:29 | INFO     | app.services.stock_service:get_market_overview:439 - 从pytdx获取市场概览成功
2026-03-26 10:31:33 | INFO     | app.services.stock_service:get_stock_list:201 - 从pytdx获取股票列表成功: 5196条
2026-03-26 10:31:33 | INFO     | app.services.screening_engine:screen_stocks:53 - 获取到 5196 只股票
2026-03-26 10:31:33 | INFO     | app.services.screening_engine:screen_stocks:59 - 应用排除规则 exclude_st, 剩余 5017 只
2026-03-26 10:31:33 | INFO     | app.services.screening_engine:screen_stocks:59 - 应用排除规则 market_cap, 剩余 5017 只
2026-03-26 10:31:36 | INFO     | app.services.stock_service:get_stock_list:201 - 从pytdx获取股票列表成功: 5196条
2026-03-26 10:31:36 | INFO     | app.services.screening_engine:screen_stocks:53 - 获取到 5196 只股票
2026-03-26 10:31:36 | INFO     | app.services.screening_engine:screen_stocks:59 - 应用排除规则 exclude_st, 剩余 5017 只
2026-03-26 10:31:36 | INFO     | app.services.screening_engine:screen_stocks:59 - 应用排除规则 market_cap, 剩余 5017 只
2026-03-26 10:31:37 | INFO     | app.services.stock_service:get_market_overview:439 - 从pytdx获取市场概览成功
2026-03-26 10:31:38 | INFO     | app.services.stock_service:get_market_overview:439 - 从pytdx获取市场概览成功
2026-03-26 10:31:38 | INFO     | app.services.stock_service:get_intraday_data:505 - 从pytdx获取分时数据成功: 000001, 240条
2026-03-26 10:31:42 | INFO     | app.services.stock_service:get_market_overview:439 - 从pytdx获取市场概览成功
2026-03-26 10:31:44 | INFO     | app.services.stock_service:get_stock_list:201 - 从pytdx获取股票列表成功: 5196条
2026-03-26 10:31:44 | INFO     | app.services.screening_engine:screen_stocks:53 - 获取到 5196 只股票
2026-03-26 10:31:44 | INFO     | app.services.screening_engine:screen_stocks:59 - 应用排除规则 exclude_st, 剩余 5017 只
2026-03-26 10:31:44 | INFO     | app.services.screening_engine:screen_stocks:59 - 应用排除规则 market_cap, 剩余 5017 只
2026-03-26 10:31:45 | INFO     | app.services.stock_service:get_intraday_data:505 - 从pytdx获取分时数据成功: 000001, 240条
2026-03-26 10:31:59 | INFO     | app.services.stock_service:get_market_overview:439 - 从pytdx获取市场概览成功
2026-03-26 10:32:00 | INFO     | app.services.stock_service:get_market_overview:439 - 从pytdx获取市场概览成功
2026-03-26 10:32:04 | INFO     | app.services.stock_service:get_stock_list:201 - 从pytdx获取股票列表成功: 5196条
2026-03-26 10:32:04 | INFO     | app.services.screening_engine:screen_stocks:53 - 获取到 5196 只股票
2026-03-26 10:32:04 | INFO     | app.services.screening_engine:screen_stocks:59 - 应用排除规则 exclude_st, 剩余 5017 只
2026-03-26 10:32:04 | INFO     | app.services.screening_engine:screen_stocks:59 - 应用排除规则 market_cap, 剩余 5017 只
2026-03-26 10:32:04 | INFO     | app.services.stock_service:get_market_overview:439 - 从pytdx获取市场概览成功
2026-03-26 10:32:05 | INFO     | app.services.stock_service:get_market_overview:439 - 从pytdx获取市场概览成功
2026-03-26 10:32:05 | INFO     | app.services.stock_service:get_intraday_data:505 - 从pytdx获取分时数据成功: 000001, 240条
2026-03-26 10:32:12 | INFO     | app.services.stock_service:get_market_overview:439 - 从pytdx获取市场概览成功
2026-03-26 10:32:29 | INFO     | app.services.stock_service:get_market_overview:439 - 从pytdx获取市场概览成功
2026-03-26 10:32:30 | INFO     | app.services.stock_service:get_market_overview:439 - 从pytdx获取市场概览成功
2026-03-26 10:32:31 | INFO     | app.services.stock_service:get_market_overview:439 - 从pytdx获取市场概览成功
2026-03-26 10:32:41 | INFO     | app.services.stock_service:get_market_overview:439 - 从pytdx获取市场概览成功
2026-03-26 10:32:42 | INFO     | app.services.stock_service:get_market_overview:439 - 从pytdx获取市场概览成功
2026-03-26 10:32:59 | INFO     | app.services.stock_service:get_market_overview:439 - 从pytdx获取市场概览成功
2026-03-26 10:33:00 | INFO     | app.services.stock_service:get_market_overview:439 - 从pytdx获取市场概览成功
2026-03-26 10:33:01 | INFO     | app.services.stock_service:get_market_overview:439 - 从pytdx获取市场概览成功
2026-03-26 10:33:12 | INFO     | app.services.stock_service:get_market_overview:439 - 从pytdx获取市场概览成功
2026-03-26 10:33:29 | INFO     | app.services.stock_service:get_market_overview:439 - 从pytdx获取市场概览成功
2026-03-26 10:33:30 | INFO     | app.services.stock_service:get_market_overview:439 - 从pytdx获取市场概览成功
2026-03-26 10:33:31 | INFO     | app.services.stock_service:get_market_overview:439 - 从pytdx获取市场概览成功
2026-03-26 10:33:41 | INFO     | app.services.stock_service:get_market_overview:439 - 从pytdx获取市场概览成功
2026-03-26 10:33:42 | INFO     | app.services.stock_service:get_market_overview:439 - 从pytdx获取市场概览成功
2026-03-26 10:33:59 | INFO     | app.services.stock_service:get_market_overview:439 - 从pytdx获取市场概览成功
2026-03-26 10:34:00 | INFO     | app.services.stock_service:get_market_overview:439 - 从pytdx获取市场概览成功
2026-03-26 10:34:01 | INFO     | app.services.stock_service:get_market_overview:439 - 从pytdx获取市场概览成功
2026-03-26 10:34:12 | INFO     | app.services.stock_service:get_market_overview:439 - 从pytdx获取市场概览成功
2026-03-26 10:34:29 | INFO     | app.services.stock_service:get_market_overview:439 - 从pytdx获取市场概览成功
2026-03-26 10:34:30 | INFO     | app.services.stock_service:get_market_overview:439 - 从pytdx获取市场概览成功
2026-03-26 10:34:31 | INFO     | app.services.stock_service:get_market_overview:439 - 从pytdx获取市场概览成功
2026-03-26 10:34:41 | INFO     | app.services.stock_service:get_market_overview:439 - 从pytdx获取市场概览成功
2026-03-26 10:34:42 | INFO     | app.services.stock_service:get_market_overview:439 - 从pytdx获取市场概览成功
2026-03-26 10:35:01 | INFO     | app.services.stock_service:get_market_overview:439 - 从pytdx获取市场概览成功
2026-03-26 10:35:41 | INFO     | app.services.stock_service:get_market_overview:439 - 从pytdx获取市场概览成功
2026-03-26 10:35:42 | INFO     | app.services.stock_service:get_market_overview:439 - 从pytdx获取市场概览成功
2026-03-26 10:35:42 | INFO     | app.services.stock_service:get_market_overview:439 - 从pytdx获取市场概览成功
2026-03-26 10:35:43 | INFO     | app.services.stock_service:get_market_overview:439 - 从pytdx获取市场概览成功
2026-03-26 10:35:43 | INFO     | app.services.stock_service:get_market_overview:439 - 从pytdx获取市场概览成功
2026-03-26 10:36:41 | INFO     | app.services.stock_service:get_market_overview:439 - 从pytdx获取市场概览成功
2026-03-26 10:36:42 | INFO     | app.services.stock_service:get_market_overview:439 - 从pytdx获取市场概览成功
2026-03-26 10:36:42 | INFO     | app.services.stock_service:get_market_overview:439 - 从pytdx获取市场概览成功
2026-03-26 10:36:43 | INFO     | app.services.stock_service:get_market_overview:439 - 从pytdx获取市场概览成功
2026-03-26 10:36:43 | INFO     | app.services.stock_service:get_market_overview:439 - 从pytdx获取市场概览成功
2026-03-26 10:37:41 | INFO     | app.services.stock_service:get_market_overview:439 - 从pytdx获取市场概览成功
2026-03-26 10:37:42 | INFO     | app.services.stock_service:get_market_overview:439 - 从pytdx获取市场概览成功
2026-03-26 10:37:42 | INFO     | app.services.stock_service:get_market_overview:439 - 从pytdx获取市场概览成功
2026-03-26 10:37:43 | INFO     | app.services.stock_service:get_market_overview:439 - 从pytdx获取市场概览成功
2026-03-26 10:37:43 | INFO     | app.services.stock_service:get_market_overview:439 - 从pytdx获取市场概览成功
2026-03-26 10:38:41 | INFO     | app.services.stock_service:get_market_overview:439 - 从pytdx获取市场概览成功
2026-03-26 10:38:42 | INFO     | app.services.stock_service:get_market_overview:439 - 从pytdx获取市场概览成功
2026-03-26 10:38:42 | INFO     | app.services.stock_service:get_market_overview:439 - 从pytdx获取市场概览成功
2026-03-26 10:38:43 | INFO     | app.services.stock_service:get_market_overview:439 - 从pytdx获取市场概览成功
2026-03-26 10:38:43 | INFO     | app.services.stock_service:get_market_overview:439 - 从pytdx获取市场概览成功
2026-03-26 10:39:41 | INFO     | app.services.stock_service:get_market_overview:439 - 从pytdx获取市场概览成功
2026-03-26 10:39:42 | INFO     | app.services.stock_service:get_market_overview:439 - 从pytdx获取市场概览成功
2026-03-26 10:39:42 | INFO     | app.services.stock_service:get_market_overview:439 - 从pytdx获取市场概览成功
2026-03-26 10:39:43 | INFO     | app.services.stock_service:get_market_overview:439 - 从pytdx获取市场概览成功
2026-03-26 10:39:43 | INFO     | app.services.stock_service:get_market_overview:439 - 从pytdx获取市场概览成功
2026-03-26 10:40:38 | INFO     | app.services.stock_service:get_market_overview:439 - 从pytdx获取市场概览成功
2026-03-26 10:40:39 | INFO     | app.services.stock_service:get_market_overview:439 - 从pytdx获取市场概览成功
2026-03-26 10:40:39 | INFO     | app.services.stock_service:get_market_overview:439 - 从pytdx获取市场概览成功
2026-03-26 10:40:40 | INFO     | app.services.stock_service:get_market_overview:439 - 从pytdx获取市场概览成功
2026-03-26 10:40:40 | INFO     | app.services.stock_service:get_market_overview:439 - 从pytdx获取市场概览成功
2026-03-26 10:40:41 | INFO     | app.services.stock_service:get_kline_data:331 - 从pytdx获取K线数据成功: 000001, 60条
2026-03-26 10:40:41 | INFO     | app.services.stock_service:get_market_overview:439 - 从pytdx获取市场概览成功
2026-03-26 10:40:44 | INFO     | app.services.stock_service:get_kline_data:331 - 从pytdx获取K线数据成功: 000001, 60条
2026-03-26 10:40:53 | INFO     | app.services.stock_service:get_market_overview:439 - 从pytdx获取市场概览成功
2026-03-26 10:40:56 | INFO     | app.services.stock_service:get_stock_list:201 - 从pytdx获取股票列表成功: 5196条
2026-03-26 10:40:56 | INFO     | app.services.screening_engine:screen_stocks:53 - 获取到 5196 只股票
2026-03-26 10:40:56 | INFO     | app.services.screening_engine:screen_stocks:59 - 应用排除规则 exclude_st, 剩余 5017 只
2026-03-26 10:40:56 | INFO     | app.services.screening_engine:screen_stocks:59 - 应用排除规则 market_cap, 剩余 5017 只
2026-03-26 10:40:56 | INFO     | app.services.stock_service:get_intraday_data:505 - 从pytdx获取分时数据成功: 000001, 240条
2026-03-26 10:40:59 | INFO     | app.services.stock_service:get_kline_data:331 - 从pytdx获取K线数据成功: 000001, 60条
2026-03-26 10:41:14 | INFO     | app.services.stock_service:get_intraday_data:505 - 从pytdx获取分时数据成功: 000001, 240条
2026-03-26 10:41:22 | INFO     | app.services.stock_service:get_market_overview:439 - 从pytdx获取市场概览成功
2026-03-26 10:41:53 | INFO     | app.services.stock_service:get_market_overview:439 - 从pytdx获取市场概览成功
2026-03-26 10:42:04 | INFO     | app.services.stock_service:get_market_overview:439 - 从pytdx获取市场概览成功
2026-03-26 10:42:07 | INFO     | app.services.stock_service:get_stock_list:201 - 从pytdx获取股票列表成功: 5196条
2026-03-26 10:42:07 | INFO     | app.services.screening_engine:screen_stocks:53 - 获取到 5196 只股票
2026-03-26 10:42:07 | INFO     | app.services.screening_engine:screen_stocks:59 - 应用排除规则 exclude_st, 剩余 5017 只
2026-03-26 10:42:07 | INFO     | app.services.screening_engine:screen_stocks:59 - 应用排除规则 market_cap, 剩余 5017 只
2026-03-26 10:42:10 | INFO     | app.services.stock_service:get_stock_list:201 - 从pytdx获取股票列表成功: 5196条
2026-03-26 10:42:10 | INFO     | app.services.screening_engine:screen_stocks:53 - 获取到 5196 只股票
2026-03-26 10:42:10 | INFO     | app.services.screening_engine:screen_stocks:59 - 应用排除规则 exclude_st, 剩余 5017 只
2026-03-26 10:42:10 | INFO     | app.services.screening_engine:screen_stocks:59 - 应用排除规则 market_cap, 剩余 5017 只
2026-03-26 10:42:11 | INFO     | app.services.stock_service:get_market_overview:439 - 从pytdx获取市场概览成功
2026-03-26 10:42:11 | INFO     | app.services.stock_service:get_intraday_data:505 - 从pytdx获取分时数据成功: 000001, 240条
2026-03-26 10:42:17 | INFO     | app.services.stock_service:get_stock_list:201 - 从pytdx获取股票列表成功: 5196条
2026-03-26 10:42:17 | INFO     | app.services.screening_engine:screen_stocks:53 - 获取到 5196 只股票
2026-03-26 10:42:17 | INFO     | app.services.screening_engine:screen_stocks:59 - 应用排除规则 exclude_st, 剩余 5017 只
2026-03-26 10:42:17 | INFO     | app.services.screening_engine:screen_stocks:59 - 应用排除规则 market_cap, 剩余 5017 只
2026-03-26 10:42:18 | INFO     | app.services.stock_service:get_market_overview:439 - 从pytdx获取市场概览成功
2026-03-26 10:42:18 | INFO     | app.services.stock_service:get_intraday_data:505 - 从pytdx获取分时数据成功: 000001, 240条
2026-03-26 10:42:23 | INFO     | app.services.stock_service:get_market_overview:439 - 从pytdx获取市场概览成功
2026-03-26 10:42:34 | INFO     | app.services.stock_service:get_market_overview:439 - 从pytdx获取市场概览成功
2026-03-26 10:42:35 | INFO     | app.services.stock_service:get_market_overview:439 - 从pytdx获取市场概览成功
2026-03-26 10:42:36 | INFO     | app.services.stock_service:get_market_overview:439 - 从pytdx获取市场概览成功
2026-03-26 10:42:40 | INFO     | app.services.stock_service:get_stock_list:201 - 从pytdx获取股票列表成功: 5196条
2026-03-26 10:42:40 | INFO     | app.services.screening_engine:screen_stocks:53 - 获取到 5196 只股票
2026-03-26 10:42:40 | INFO     | app.services.screening_engine:screen_stocks:59 - 应用排除规则 exclude_st, 剩余 5017 只
2026-03-26 10:42:40 | INFO     | app.services.screening_engine:screen_stocks:59 - 应用排除规则 market_cap, 剩余 5017 只
2026-03-26 10:42:40 | INFO     | app.services.stock_service:get_intraday_data:505 - 从pytdx获取分时数据成功: 000001, 240条
2026-03-26 10:42:44 | INFO     | app.services.stock_service:get_market_overview:439 - 从pytdx获取市场概览成功
2026-03-26 10:42:53 | INFO     | app.services.stock_service:get_market_overview:439 - 从pytdx获取市场概览成功
2026-03-26 10:43:04 | INFO     | app.services.stock_service:get_market_overview:439 - 从pytdx获取市场概览成功
2026-03-26 10:43:05 | INFO     | app.services.stock_service:get_market_overview:439 - 从pytdx获取市场概览成功
2026-03-26 10:43:06 | INFO     | app.services.stock_service:get_market_overview:439 - 从pytdx获取市场概览成功
2026-03-26 10:43:14 | INFO     | app.services.stock_service:get_market_overview:439 - 从pytdx获取市场概览成功
2026-03-26 10:43:23 | INFO     | app.services.stock_service:get_market_overview:439 - 从pytdx获取市场概览成功
2026-03-26 10:43:34 | INFO     | app.services.stock_service:get_market_overview:439 - 从pytdx获取市场概览成功
2026-03-26 10:43:35 | INFO     | app.services.stock_service:get_market_overview:439 - 从pytdx获取市场概览成功
2026-03-26 10:43:36 | INFO     | app.services.stock_service:get_market_overview:439 - 从pytdx获取市场概览成功
2026-03-26 10:43:44 | INFO     | app.services.stock_service:get_market_overview:439 - 从pytdx获取市场概览成功
2026-03-26 10:43:53 | INFO     | app.services.stock_service:get_market_overview:439 - 从pytdx获取市场概览成功
2026-03-26 10:44:04 | INFO     | app.services.stock_service:get_market_overview:439 - 从pytdx获取市场概览成功
2026-03-26 10:44:05 | INFO     | app.services.stock_service:get_market_overview:439 - 从pytdx获取市场概览成功
2026-03-26 10:44:06 | INFO     | app.services.stock_service:get_market_overview:439 - 从pytdx获取市场概览成功
2026-03-26 10:44:14 | INFO     | app.services.stock_service:get_market_overview:439 - 从pytdx获取市场概览成功
2026-03-26 10:44:34 | INFO     | app.services.stock_service:get_market_overview:439 - 从pytdx获取市场概览成功
2026-03-26 10:44:35 | INFO     | app.services.stock_service:get_market_overview:439 - 从pytdx获取市场概览成功
2026-03-26 10:44:36 | INFO     | app.services.stock_service:get_market_overview:439 - 从pytdx获取市场概览成功
2026-03-26 10:44:41 | INFO     | app.services.stock_service:get_market_overview:439 - 从pytdx获取市场概览成功
2026-03-26 10:44:44 | INFO     | app.services.stock_service:get_market_overview:439 - 从pytdx获取市场概览成功
2026-03-26 10:44:54 | INFO     | app.services.stock_service:get_market_overview:439 - 从pytdx获取市场概览成功
2026-03-26 10:44:59 | INFO     | app.services.stock_service:get_stock_list:201 - 从pytdx获取股票列表成功: 5196条
2026-03-26 10:44:59 | INFO     | app.services.screening_engine:screen_stocks:53 - 获取到 5196 只股票
2026-03-26 10:44:59 | INFO     | app.services.screening_engine:screen_stocks:59 - 应用排除规则 exclude_st, 剩余 5017 只
2026-03-26 10:44:59 | INFO     | app.services.screening_engine:screen_stocks:59 - 应用排除规则 market_cap, 剩余 5017 只
2026-03-26 10:45:00 | INFO     | app.services.stock_service:get_market_overview:439 - 从pytdx获取市场概览成功
2026-03-26 10:45:00 | INFO     | app.services.stock_service:get_kline_data:331 - 从pytdx获取K线数据成功: 000001, 60条
2026-03-26 10:45:26 | INFO     | app.services.stock_service:get_market_overview:439 - 从pytdx获取市场概览成功
2026-03-26 10:45:56 | INFO     | app.services.stock_service:get_market_overview:439 - 从pytdx获取市场概览成功
2026-03-26 10:46:15 | INFO     | app.services.stock_service:get_kline_data:331 - 从pytdx获取K线数据成功: 000001, 60条
2026-03-26 10:46:20 | INFO     | app.services.stock_service:get_intraday_data:505 - 从pytdx获取分时数据成功: 000001, 240条
2026-03-26 10:46:26 | INFO     | app.services.stock_service:get_market_overview:439 - 从pytdx获取市场概览成功
